channelId,videoId,title,publishedAt,url
UCIQqvZbHSwX0yKNVK1MyYjQ,lAHVXwkAiyI,"Stop asking God to send help, start asking Him to show you what‚Äôs already here.",2025-10-06T00:24:00Z,https://www.youtube.com/watch?v=lAHVXwkAiyI
UCIQqvZbHSwX0yKNVK1MyYjQ,QDZr4P9VbV4,Keep It In Context | Pastor Steven Furtick | Elevation Church,2025-10-05T20:23:48Z,https://www.youtube.com/watch?v=QDZr4P9VbV4
UCIQqvZbHSwX0yKNVK1MyYjQ,o0gcreV-HPQ,Jesus: Our Chain-Breaker and Grave-Robber,2025-10-04T21:00:50Z,https://www.youtube.com/watch?v=o0gcreV-HPQ
UCIQqvZbHSwX0yKNVK1MyYjQ,714iVNMgYZw,Are you headed in the wrong direction?,2025-10-03T21:00:12Z,https://www.youtube.com/watch?v=714iVNMgYZw
UCIQqvZbHSwX0yKNVK1MyYjQ,AmA5gyzvGm0,"If you‚Äôre going through hell, you  might be on the brink of something big.",2025-10-02T21:00:12Z,https://www.youtube.com/watch?v=AmA5gyzvGm0
UCIQqvZbHSwX0yKNVK1MyYjQ,sFHX0wLblr4,Not Here | Pastor Steven Furtick | Elevation Church,2025-09-29T00:13:36Z,https://www.youtube.com/watch?v=sFHX0wLblr4
UCIQqvZbHSwX0yKNVK1MyYjQ,cSokZAFW53E,The devil doesn‚Äôt want you to access this.,2025-09-20T21:00:40Z,https://www.youtube.com/watch?v=cSokZAFW53E
UCIQqvZbHSwX0yKNVK1MyYjQ,Oh_C3dEVxws,People are more than your first impression.,2025-09-17T21:00:23Z,https://www.youtube.com/watch?v=Oh_C3dEVxws
UCIQqvZbHSwX0yKNVK1MyYjQ,fUx6-N9nNKc,Identify the lies of the enemy so you can feel the peace of God.,2025-09-15T21:00:46Z,https://www.youtube.com/watch?v=fUx6-N9nNKc
UCIQqvZbHSwX0yKNVK1MyYjQ,hHLcqTM9Zqo,You are saved today to walk in the newness of life.,2025-09-10T00:45:04Z,https://www.youtube.com/watch?v=hHLcqTM9Zqo
UCIQqvZbHSwX0yKNVK1MyYjQ,BeN8faS_TDk,God wants to be with you.,2025-09-01T00:45:00Z,https://www.youtube.com/watch?v=BeN8faS_TDk
UCIQqvZbHSwX0yKNVK1MyYjQ,KafJhDHDOuo,Step into the you that God sees.,2025-08-31T00:45:03Z,https://www.youtube.com/watch?v=KafJhDHDOuo
UCIQqvZbHSwX0yKNVK1MyYjQ,wAPrimFf_U8,God has the final cut over your life.,2025-08-30T12:45:16Z,https://www.youtube.com/watch?v=wAPrimFf_U8
UCIQqvZbHSwX0yKNVK1MyYjQ,J9vidCTQKyk,Announce THIS to your storm!,2025-08-29T12:45:02Z,https://www.youtube.com/watch?v=J9vidCTQKyk
UCIQqvZbHSwX0yKNVK1MyYjQ,4q1wPyjxLC4,You can be winning AND worn out.,2025-08-27T12:45:01Z,https://www.youtube.com/watch?v=4q1wPyjxLC4
UCIQqvZbHSwX0yKNVK1MyYjQ,2x0KGTp7ooA,Trust that God has this.,2025-08-26T00:45:00Z,https://www.youtube.com/watch?v=2x0KGTp7ooA
UCIQqvZbHSwX0yKNVK1MyYjQ,rknqD6QLGlw,Call on the name of the Lord.,2025-08-25T00:45:04Z,https://www.youtube.com/watch?v=rknqD6QLGlw
UCIQqvZbHSwX0yKNVK1MyYjQ,uStda_T5kOw,Sinking In The Storm | Pastor Steven Furtick | Elevation Church,2025-08-24T19:44:21Z,https://www.youtube.com/watch?v=uStda_T5kOw
UCIQqvZbHSwX0yKNVK1MyYjQ,TOmbdwVHSnA,You don‚Äôt have to feel grateful to be grateful.,2025-08-22T00:45:07Z,https://www.youtube.com/watch?v=TOmbdwVHSnA
UCIQqvZbHSwX0yKNVK1MyYjQ,Ucii_AKLfMk,Who are you agreeing with?,2025-08-18T12:45:03Z,https://www.youtube.com/watch?v=Ucii_AKLfMk
UCIQqvZbHSwX0yKNVK1MyYjQ,L2MIBdMJRGQ,"It&#39;s not trying harder, it‚Äôs trying higher.",2025-08-17T12:45:06Z,https://www.youtube.com/watch?v=L2MIBdMJRGQ
UCIQqvZbHSwX0yKNVK1MyYjQ,7Mi0u7QrJZ4,There‚Äôs a blessing on the other side.,2025-08-13T00:45:00Z,https://www.youtube.com/watch?v=7Mi0u7QrJZ4
UCIQqvZbHSwX0yKNVK1MyYjQ,O0hPGJDmKtY,This is a grace that changes you.,2025-08-11T12:45:03Z,https://www.youtube.com/watch?v=O0hPGJDmKtY
UCIQqvZbHSwX0yKNVK1MyYjQ,IzFzL_dW6KI,Every breath is a gift.,2025-08-09T00:45:01Z,https://www.youtube.com/watch?v=IzFzL_dW6KI
UCIQqvZbHSwX0yKNVK1MyYjQ,ZwHB4_xVu50,You gotta reach for it.,2025-08-08T00:45:03Z,https://www.youtube.com/watch?v=ZwHB4_xVu50
UCIQqvZbHSwX0yKNVK1MyYjQ,DLK5DPk8kA0,The Hardest Part Is Behind You | Pastor Steven Furtick | Elevation Church,2025-08-03T23:55:00Z,https://www.youtube.com/watch?v=DLK5DPk8kA0
UCIQqvZbHSwX0yKNVK1MyYjQ,XCWNgXRtJbQ,Everything You Have Is From God,2025-08-02T00:45:02Z,https://www.youtube.com/watch?v=XCWNgXRtJbQ
UCIQqvZbHSwX0yKNVK1MyYjQ,k_CWjqIjnX4,When God Gives A Thought To You | Pastor Steven Furtick | Elevation Church,2025-07-27T19:15:34Z,https://www.youtube.com/watch?v=k_CWjqIjnX4
UCIQqvZbHSwX0yKNVK1MyYjQ,fVQRYlRkvQg,How Do You Fight Your Battles?,2025-07-27T12:45:05Z,https://www.youtube.com/watch?v=fVQRYlRkvQg
UCIQqvZbHSwX0yKNVK1MyYjQ,ciDV7aGWR1A,Don‚Äôt Miss the Miracle in the Mess.,2025-07-26T00:45:03Z,https://www.youtube.com/watch?v=ciDV7aGWR1A
UCqvey7iKJnWl1AAk4AP3dkQ,Fz_dfEksCyo,The Shift: Part IV // Pastor Tye Tribbett // LiVe Church // 09.28.25,2025-09-28T17:45:55Z,https://www.youtube.com/watch?v=Fz_dfEksCyo
UCqvey7iKJnWl1AAk4AP3dkQ,dd8qLdJEdgE,The Shift: Part III // Pastor Tye Tribbett // LiVe Church // 09.21.25,2025-09-21T17:53:08Z,https://www.youtube.com/watch?v=dd8qLdJEdgE
UCqvey7iKJnWl1AAk4AP3dkQ,26roY1uKLzw,The Shift: A Shift In The Ships // Pastor Tye Tribbett // LiVe Church // 09.14.25,2025-09-15T05:37:20Z,https://www.youtube.com/watch?v=26roY1uKLzw
UCqvey7iKJnWl1AAk4AP3dkQ,l9uQXW0M9io,The Shift: Transformed to Transform // Pastor Tye Tribbett // LiVe Church // 09.07.25,2025-09-07T19:32:45Z,https://www.youtube.com/watch?v=l9uQXW0M9io
UCqvey7iKJnWl1AAk4AP3dkQ,6MritSOA3Ao,Fight Back - Part VI // Pastor Tye Tribbett // LiVe Church // 08.31.25,2025-08-31T17:52:14Z,https://www.youtube.com/watch?v=6MritSOA3Ao
UCqvey7iKJnWl1AAk4AP3dkQ,tTFDxu_DUWE,Fight Back - Part V // Pastor Tye Tribbett // LiVe Church // 08.24.25,2025-08-24T18:34:38Z,https://www.youtube.com/watch?v=tTFDxu_DUWE
UCqvey7iKJnWl1AAk4AP3dkQ,oqGv9pFlsJY,Fight Back - Part IV // Pastor Tye Tribbett // LiVe Church // 08.17.25,2025-08-17T17:49:30Z,https://www.youtube.com/watch?v=oqGv9pFlsJY
UCqvey7iKJnWl1AAk4AP3dkQ,5pouG3DR6cA,Fight Back - Part III // Pastor Tye Tribbett // LiVe Church // 08.10.25,2025-08-14T04:00:17Z,https://www.youtube.com/watch?v=5pouG3DR6cA
UCqvey7iKJnWl1AAk4AP3dkQ,g_0OQibm8cI,Fight Back - Part II // Pastor Tye Tribbett // LiVe Church // 08.03.25,2025-08-04T16:40:58Z,https://www.youtube.com/watch?v=g_0OQibm8cI
UCqvey7iKJnWl1AAk4AP3dkQ,D5guaD_z09I,Fight Back // Pastor Tye Tribbett // LiVe Church // 07.27.25,2025-07-27T19:59:04Z,https://www.youtube.com/watch?v=D5guaD_z09I
UCqvey7iKJnWl1AAk4AP3dkQ,B5yoSVf74zA,Where&#39;s My Honor Part 4 // Pastor Tye Tribbett // LiVe Church // 07.20.25,2025-07-21T16:42:32Z,https://www.youtube.com/watch?v=B5yoSVf74zA
UCqvey7iKJnWl1AAk4AP3dkQ,dmMERFQ8hmw,Where‚Äôs My Honor? Part 3 // Pastor Tye Tribbett // LiVe Church // 07.13.25,2025-07-16T21:50:24Z,https://www.youtube.com/watch?v=dmMERFQ8hmw
UCqvey7iKJnWl1AAk4AP3dkQ,_BVBcDfhr5c,Where‚Äôs My Honor? Part 2 // Pastor Tye Tribbett // LiVe Church // 07.06.25,2025-07-07T17:48:41Z,https://www.youtube.com/watch?v=_BVBcDfhr5c
UCqvey7iKJnWl1AAk4AP3dkQ,egcjiAKJZcI,Where&#39;s My Honor? // Tye Tribbett // LiVe Church // 06.29.25,2025-06-29T17:30:37Z,https://www.youtube.com/watch?v=egcjiAKJZcI
UCqvey7iKJnWl1AAk4AP3dkQ,fUvwDJgMyZs,ReLiVe // Trust Training // Pastor Tye Tribbett // 06.22.25,2025-06-22T15:14:06Z,https://www.youtube.com/watch?v=fUvwDJgMyZs
UCqvey7iKJnWl1AAk4AP3dkQ,2TVxVdgqPT4,Walk Wise. Stay Full. // Tye Tribbett // LiVe Church // 06.08.25,2025-06-09T16:04:08Z,https://www.youtube.com/watch?v=2TVxVdgqPT4
UCqvey7iKJnWl1AAk4AP3dkQ,_o1ce_-Mkw4,Stronger than the Struggle // Tye Tribbett // LiVe Church // 06.01.25,2025-06-01T18:07:22Z,https://www.youtube.com/watch?v=_o1ce_-Mkw4
UCqvey7iKJnWl1AAk4AP3dkQ,flvAphO4IQ8,The Spirit: Gifts &amp; Fruit // Pastor Tye Tribbett // LiVe Church // 05.18.25,2025-05-18T17:59:27Z,https://www.youtube.com/watch?v=flvAphO4IQ8
UCqvey7iKJnWl1AAk4AP3dkQ,XAdAz0YBhO4,Pouring From A Full Cup // Mother&#39;s Day // Pastor Shante Tribbett // LiVe Church // 05.11.25,2025-05-11T17:46:07Z,https://www.youtube.com/watch?v=XAdAz0YBhO4
UCqvey7iKJnWl1AAk4AP3dkQ,my3_bjNY7Bw,Issa Walk // Pastor Tye Tribbett // LiVe Church // 05.04.25,2025-05-04T17:45:14Z,https://www.youtube.com/watch?v=my3_bjNY7Bw
UCqvey7iKJnWl1AAk4AP3dkQ,Rdgn2siOXmw,Pastor Tye Tribbett // LiVe Church // 04.27.25,2025-04-27T17:50:51Z,https://www.youtube.com/watch?v=Rdgn2siOXmw
UCqvey7iKJnWl1AAk4AP3dkQ,JWP6nmTgN_U,Bloodline // Easter Sunday // Pastor Tye Tribbett // LiVe Church // 04.20.25,2025-04-20T18:18:41Z,https://www.youtube.com/watch?v=JWP6nmTgN_U
UCqvey7iKJnWl1AAk4AP3dkQ,d3sc_-91IyI,Pastor Tye Tribbett // LiVe Church // 04.13.25,2025-04-13T17:35:59Z,https://www.youtube.com/watch?v=d3sc_-91IyI
UCqvey7iKJnWl1AAk4AP3dkQ,uUO-xrFXHCQ,Pastor Tye Tribbett // LiVe Church // 04.06.25,2025-04-06T18:02:04Z,https://www.youtube.com/watch?v=uUO-xrFXHCQ
UCqvey7iKJnWl1AAk4AP3dkQ,U3BLHzJPEb8,Fast Break // March Gladness // Pastor Tye Tribbett // LiVe Church // 03.30.25,2025-03-30T18:09:45Z,https://www.youtube.com/watch?v=U3BLHzJPEb8
UCqvey7iKJnWl1AAk4AP3dkQ,yzJtY3GRRhs,Teammates P2 &quot;I Got You Covered&quot; // March Gladness // Pastor Tye Tribbett // LiVe Church // 03.16.25,2025-03-23T18:02:59Z,https://www.youtube.com/watch?v=yzJtY3GRRhs
UCqvey7iKJnWl1AAk4AP3dkQ,hcJ5NU5j8m0,Teammates // March Gladness // Pastor Tye Tribbett // LiVe Church // 03.16.25,2025-03-16T18:01:53Z,https://www.youtube.com/watch?v=hcJ5NU5j8m0
UCqvey7iKJnWl1AAk4AP3dkQ,ZgdgVz_5f8E,Practice // March Gladness // Pastor Tye Tribbett // LiVe Church // 03.09.25,2025-03-09T17:57:52Z,https://www.youtube.com/watch?v=ZgdgVz_5f8E
UCqvey7iKJnWl1AAk4AP3dkQ,H50wtWicUJI,I Believe God // March Gladness Series // Pastor Tye Tribbett // LiVe Church // 03.02.25,2025-03-03T17:10:18Z,https://www.youtube.com/watch?v=H50wtWicUJI
UCqvey7iKJnWl1AAk4AP3dkQ,uxH3ia9Eca4,Pastor Tye Tribbett // LiVe Church // 02.23.25,2025-02-23T18:37:00Z,https://www.youtube.com/watch?v=uxH3ia9Eca4
UCSYGkbzVd5-EzAMEpf3EaGg,4APCTHT5eew,Praise Like It Matters | Jesse Murray | Hillsong Australia,2025-10-05T23:00:09Z,https://www.youtube.com/watch?v=4APCTHT5eew
UCSYGkbzVd5-EzAMEpf3EaGg,kdnmgNeI4aY,"It Is Finished, Jesus&#39; Ultimate Victory on the Cross | Amanda Fergusson",2025-10-04T00:00:54Z,https://www.youtube.com/watch?v=kdnmgNeI4aY
UCSYGkbzVd5-EzAMEpf3EaGg,fq802UMhP-k,"Jesus&#39; Identity, Discovering His Purpose and Calling | Amanda Fergusson",2025-10-03T00:00:53Z,https://www.youtube.com/watch?v=fq802UMhP-k
UCSYGkbzVd5-EzAMEpf3EaGg,Juttwe2dXwU,Jesus&#39; Hymnbook and Our World | Amanda Fergusson,2025-10-01T04:00:32Z,https://www.youtube.com/watch?v=Juttwe2dXwU
UCSYGkbzVd5-EzAMEpf3EaGg,X5OKU0Jh3_I,What Did Jesus Sing? | Amanda Fergusson | Hillsong Australia,2025-09-29T00:00:41Z,https://www.youtube.com/watch?v=X5OKU0Jh3_I
UCSYGkbzVd5-EzAMEpf3EaGg,tIxUBg34Da0,Forgiveness | Robert Fergusson #hillsongonline #churchonline,2025-09-27T00:01:13Z,https://www.youtube.com/watch?v=tIxUBg34Da0
UCSYGkbzVd5-EzAMEpf3EaGg,1DJi_kQzNNw,I Am The Man | Robert Fergusson | Hillsong Australia,2025-09-22T00:00:03Z,https://www.youtube.com/watch?v=1DJi_kQzNNw
UCSYGkbzVd5-EzAMEpf3EaGg,gQ40RTjER2U,Struggles &amp; Loss | Richmond Wandera #hillsongonline #churchonline #compassion,2025-09-18T07:00:43Z,https://www.youtube.com/watch?v=gQ40RTjER2U
UCSYGkbzVd5-EzAMEpf3EaGg,lyssPG4ypj0,"Empty Pockets, But Spirit Filled | Isaac Pau",2025-09-17T20:30:09Z,https://www.youtube.com/watch?v=lyssPG4ypj0
UCSYGkbzVd5-EzAMEpf3EaGg,PIwuUtYow2Y,Overcoming Brokenness | Richmond Wandera #hillsongonline #churchonline #compassion,2025-09-16T07:00:33Z,https://www.youtube.com/watch?v=PIwuUtYow2Y
UCSYGkbzVd5-EzAMEpf3EaGg,LK0n4jTcoCw,Compassion | Richmond Wandera | Hillsong Australia,2025-09-15T00:00:21Z,https://www.youtube.com/watch?v=LK0n4jTcoCw
UCSYGkbzVd5-EzAMEpf3EaGg,VEusF_D7Q3s,Shame to Celebration | Phil Dooley #churchonline #hillsongonline,2025-09-13T00:00:38Z,https://www.youtube.com/watch?v=VEusF_D7Q3s
UCSYGkbzVd5-EzAMEpf3EaGg,CzFSycl08MU,"Lessons on Choice, Faith and Compassion | Phil Dooley #hillsongonline #churchonline",2025-09-09T07:00:11Z,https://www.youtube.com/watch?v=CzFSycl08MU
UCSYGkbzVd5-EzAMEpf3EaGg,_WqB4JoOsz8,Everyone&#39;s Equal | Lee Burns #hillsongonline #churchonline,2025-08-28T07:00:38Z,https://www.youtube.com/watch?v=_WqB4JoOsz8
UCSYGkbzVd5-EzAMEpf3EaGg,guXR_T2w_f8,The Church Is: A Bold Witness | Lee Burns | Hillsong Australia,2025-08-27T20:00:35Z,https://www.youtube.com/watch?v=guXR_T2w_f8
UCSYGkbzVd5-EzAMEpf3EaGg,HMoPiTGCD94,When God Calls | Jesse Murray | Hillsong Australia,2025-08-25T00:00:15Z,https://www.youtube.com/watch?v=HMoPiTGCD94
UCSYGkbzVd5-EzAMEpf3EaGg,kxMjJORCWL0,Stop Doubting | Margaret Stunt #hillsongonline #churchonline,2025-08-21T07:00:44Z,https://www.youtube.com/watch?v=kxMjJORCWL0
UCSYGkbzVd5-EzAMEpf3EaGg,CEb3KmtkWUE,Stand and Behold Him | Margaret Stunt | Hillsong Australia,2025-08-18T00:00:18Z,https://www.youtube.com/watch?v=CEb3KmtkWUE
UCSYGkbzVd5-EzAMEpf3EaGg,S--aMCJFvH0,God&#39;s Pathway to YOU! | Jay Jury #hillsongonline,2025-08-13T19:00:25Z,https://www.youtube.com/watch?v=S--aMCJFvH0
UCSYGkbzVd5-EzAMEpf3EaGg,ZbqU4_tN11Q,Formed In The Storm | Jay Jury | Hillsong Australia,2025-08-11T00:00:43Z,https://www.youtube.com/watch?v=ZbqU4_tN11Q
UCSYGkbzVd5-EzAMEpf3EaGg,uzNA0JeNcfc,Strength Is Found In The Stretch | Haydn Nelson | Hillsong Australia,2025-08-04T00:00:56Z,https://www.youtube.com/watch?v=uzNA0JeNcfc
UCSYGkbzVd5-EzAMEpf3EaGg,VLqZiIudNts,Tolu Badders ‚Äì Don&#39;t Walk Away #hillsongconference,2025-08-01T22:00:36Z,https://www.youtube.com/watch?v=VLqZiIudNts
UCSYGkbzVd5-EzAMEpf3EaGg,rQvncBEzsjQ,Earl McClellan - The Cross is Missing! #hillsongconference,2025-07-31T19:00:49Z,https://www.youtube.com/watch?v=rQvncBEzsjQ
UCSYGkbzVd5-EzAMEpf3EaGg,7GqOwHK-aNU,Chris Mendez ‚Äì The Promise is on its Way #hillsongconference,2025-07-30T19:00:10Z,https://www.youtube.com/watch?v=7GqOwHK-aNU
UCSYGkbzVd5-EzAMEpf3EaGg,TLmOPNZmPYU,Chrishan Jeyaratnam ‚Äì Compassion moment #hillsongconference,2025-07-30T07:00:33Z,https://www.youtube.com/watch?v=TLmOPNZmPYU
UCSYGkbzVd5-EzAMEpf3EaGg,NsFTjS01sdk,Resist Superiority and Resist Inferiority | Donna Crouch #hillsongonline #church,2025-07-29T07:00:31Z,https://www.youtube.com/watch?v=NsFTjS01sdk
UCSYGkbzVd5-EzAMEpf3EaGg,xO13d96Y9Tg,The Gift Of Presence | Donna Crouch | Hillsong Australia,2025-07-28T00:01:03Z,https://www.youtube.com/watch?v=xO13d96Y9Tg
UCSYGkbzVd5-EzAMEpf3EaGg,ywrFXhD9aw0,Oneka McClellan ‚Äì Fighting for my Church #hillsongconference #hillsongchurch,2025-07-25T22:01:17Z,https://www.youtube.com/watch?v=ywrFXhD9aw0
UCSYGkbzVd5-EzAMEpf3EaGg,UKanCBtYdJQ,Lucinda Dooley - Will You Say Yes #hillsongconference #hillsongchurch,2025-07-25T07:00:25Z,https://www.youtube.com/watch?v=UKanCBtYdJQ
UCSYGkbzVd5-EzAMEpf3EaGg,9ncdv_7RU60,We Don&#39;t Lose | Chris Mendez | Hillsong Australia,2025-07-24T00:00:07Z,https://www.youtube.com/watch?v=9ncdv_7RU60
UCCXeH0YaG1FgC5a3Ueie-EA,dD7ds0xots4,Radical Faith: Kris Vallotton&#39;s Message on Reforming Culture | Bethel Church,2025-10-06T14:00:57Z,https://www.youtube.com/watch?v=dD7ds0xots4
UCCXeH0YaG1FgC5a3Ueie-EA,PTg-xqVpLTw,"Bethel Church Service | Encounter Night | Worship with Brady Voss, Aubree Archibeck, Tobi Adeyeye",2025-10-06T06:55:09Z,https://www.youtube.com/watch?v=PTg-xqVpLTw
UCCXeH0YaG1FgC5a3Ueie-EA,ugL9Oyegu3M,"Bethel Church Service | Hayley Braun Sermon | Worship with Peter Mattis, Leah Valenzuela",2025-10-05T20:02:58Z,https://www.youtube.com/watch?v=ugL9Oyegu3M
UCCXeH0YaG1FgC5a3Ueie-EA,65a598-DaeI,The Protocol of Heaven: Bill Johnson&#39;s Message on Order | Bethel Church,2025-10-04T18:42:31Z,https://www.youtube.com/watch?v=65a598-DaeI
UCCXeH0YaG1FgC5a3Ueie-EA,DzvGS6so7-Y,"Bethel Church Service | Bill Johnson Sermon | Worship with Austin Johnson, Emmy Rose",2025-09-28T20:08:46Z,https://www.youtube.com/watch?v=DzvGS6so7-Y
UCCXeH0YaG1FgC5a3Ueie-EA,cGA7mVPe8j0,"Bethel Church Service | Dave Ward Sermon | Worship with Peter Mattis, Haley Kennedy, John Fajuke",2025-05-19T04:47:38Z,https://www.youtube.com/watch?v=cGA7mVPe8j0
UCCXeH0YaG1FgC5a3Ueie-EA,itJMPau-Yuo,"Bethel Church Service | Heidi Baker Sermon | Worship with Austin Johnson, Sarah Sperber",2025-04-07T05:15:11Z,https://www.youtube.com/watch?v=itJMPau-Yuo
UCCXeH0YaG1FgC5a3Ueie-EA,TocArOpL0yk,Gathering to See a Communion Revival | Bethel Church and Lou Engle‚Äôs April 2025 Gathering,2025-03-14T23:48:24Z,https://www.youtube.com/watch?v=TocArOpL0yk
UCCXeH0YaG1FgC5a3Ueie-EA,xuBcMeR2n4o,Finding Clarity &amp; Joy: Understanding Biblical Sexuality | Pastor Dann Farrelly | Bethel Church,2024-06-23T20:03:36Z,https://www.youtube.com/watch?v=xuBcMeR2n4o
UCCXeH0YaG1FgC5a3Ueie-EA,qU39PgoyFOc,"Bethel Church Service | Hayley Braun Sermon | Worship with Peter Mattis, Emmy Rose, Sarah Sperber",2023-09-18T04:41:15Z,https://www.youtube.com/watch?v=qU39PgoyFOc
UCCXeH0YaG1FgC5a3Ueie-EA,7OnIYBpIviQ,Answering the Call of the Future | Arise &amp; Build | Bethel Church,2023-09-17T19:30:00Z,https://www.youtube.com/watch?v=7OnIYBpIviQ
UCCXeH0YaG1FgC5a3Ueie-EA,lXYsEKnQOtU,Bethel Church | BraveCo Men‚Äôs Conference 2023 | Night 1 Preview,2023-06-22T16:45:36Z,https://www.youtube.com/watch?v=lXYsEKnQOtU
UCCXeH0YaG1FgC5a3Ueie-EA,oR_y0T37EMM,None Like You | Dante Bowe | Bethel Church,2021-08-06T07:00:10Z,https://www.youtube.com/watch?v=oR_y0T37EMM
UCCXeH0YaG1FgC5a3Ueie-EA,Z0ZY2YG62CY,Sinking Deep | Bethany Worhle | Bethel Church,2021-01-27T21:19:50Z,https://www.youtube.com/watch?v=Z0ZY2YG62CY
UCCXeH0YaG1FgC5a3Ueie-EA,1LZ3ZDCOWdI,Surrounded (How I Fight) + Spontaneous | Rheva Henry | Open Heavens 2020,2020-10-08T16:45:00Z,https://www.youtube.com/watch?v=1LZ3ZDCOWdI
UCCXeH0YaG1FgC5a3Ueie-EA,DyHSpICzNfc,We Are One in the Spirit | Sean Feucht | Bethel Church,2020-06-25T16:00:05Z,https://www.youtube.com/watch?v=DyHSpICzNfc
UCCXeH0YaG1FgC5a3Ueie-EA,y1CVV6TQO7M,Doxology | Kristine DiMarco | Bethel Church,2019-03-27T20:00:04Z,https://www.youtube.com/watch?v=y1CVV6TQO7M
UCCXeH0YaG1FgC5a3Ueie-EA,GTb3yGr-vgc,You&#39;re All I Want + Shout To The Lord | Brian Johnson | Bethel Church,2018-09-08T19:00:02Z,https://www.youtube.com/watch?v=GTb3yGr-vgc
UCCXeH0YaG1FgC5a3Ueie-EA,fWBzkluDMEQ,Endlessly | Paul Arend | Bethel Church,2017-12-05T00:44:06Z,https://www.youtube.com/watch?v=fWBzkluDMEQ
UCCXeH0YaG1FgC5a3Ueie-EA,isz0uiAWTfE,One Thing Remains | Cory Asbury | Bethel Church,2017-08-25T21:45:40Z,https://www.youtube.com/watch?v=isz0uiAWTfE
UCCXeH0YaG1FgC5a3Ueie-EA,Wr3cZX-dnSI,Danny Silk | Keep Your Love On E-course | Week Three,2017-05-18T01:06:18Z,https://www.youtube.com/watch?v=Wr3cZX-dnSI
UCCXeH0YaG1FgC5a3Ueie-EA,-_IN8NrqL60,There&#39;s No Other Name | Hannah McClure | Bethel Church,2015-04-27T21:18:13Z,https://www.youtube.com/watch?v=-_IN8NrqL60
UCCXeH0YaG1FgC5a3Ueie-EA,BjJ2mmnDMqc,Praises (Be Lifted High) | Paul McClure | Bethel Church,2014-05-27T17:19:50Z,https://www.youtube.com/watch?v=BjJ2mmnDMqc
UCrsPLRCL7es8BLsM1bSjRtA,cJuSfED2iC8,Make The Right Choice - Pastor Marvin L. Winans Sr.,2025-10-05T20:40:47Z,https://www.youtube.com/watch?v=cJuSfED2iC8
UCrsPLRCL7es8BLsM1bSjRtA,IjRguNa6cfA,It&#39;s time to Clean The House - Pastor Marvin L. Winans Sr.,2025-10-05T16:58:32Z,https://www.youtube.com/watch?v=IjRguNa6cfA
UCrsPLRCL7es8BLsM1bSjRtA,755xP4Y2D5U,Book of Proverbs ‚Äì ‚ÄúTrending Doesn‚Äôt Mean True‚Äù,2025-10-03T13:30:06Z,https://www.youtube.com/watch?v=755xP4Y2D5U
UCrsPLRCL7es8BLsM1bSjRtA,A6atAC3b5wQ,Book of Proverbs - Pastor Marvin L. Winans,2025-10-01T00:14:13Z,https://www.youtube.com/watch?v=A6atAC3b5wQ
UCrsPLRCL7es8BLsM1bSjRtA,IMaz2JFPCiI,The Significance of My Worship - One Street Encounter Changed a Life,2025-09-29T00:00:31Z,https://www.youtube.com/watch?v=IMaz2JFPCiI
UCrsPLRCL7es8BLsM1bSjRtA,bkwu8MhRkao,God Is My Sufficiency: I‚Äôm Able ‚Äì All Power,2025-09-23T14:15:06Z,https://www.youtube.com/watch?v=bkwu8MhRkao
UCrsPLRCL7es8BLsM1bSjRtA,r43Ky-pqQC4,God Is My Sufficiency: I‚Äôm Able ‚Äì Pastor Marvin L. Winans,2025-09-21T16:55:38Z,https://www.youtube.com/watch?v=r43Ky-pqQC4
UCrsPLRCL7es8BLsM1bSjRtA,V_6T6UCY_EE,Showers of Blessings - Elder Roy Haynes,2025-09-14T20:37:26Z,https://www.youtube.com/watch?v=V_6T6UCY_EE
UCrsPLRCL7es8BLsM1bSjRtA,IjDt_giWeiY,It&#39;s Not Just Enough To Say It - Pastor Marvin L. Winans,2025-08-31T16:58:51Z,https://www.youtube.com/watch?v=IjDt_giWeiY
UCrsPLRCL7es8BLsM1bSjRtA,ozzO1EC9qek,The Favor Is Still Working - Pastor Marvin L. Winans Sr.,2025-08-24T17:07:36Z,https://www.youtube.com/watch?v=ozzO1EC9qek
UCrsPLRCL7es8BLsM1bSjRtA,lkfbz_h5CCM,Lord Help Me -  Pastor Roy Haynes,2025-08-17T20:45:58Z,https://www.youtube.com/watch?v=lkfbz_h5CCM
UCrsPLRCL7es8BLsM1bSjRtA,OtOSh40Wi9I,Book of Proverbs - Pastor Marvin L. Winans,2025-08-06T00:19:27Z,https://www.youtube.com/watch?v=OtOSh40Wi9I
UCrsPLRCL7es8BLsM1bSjRtA,7wCYp086W28,Fixed To Trust - Told I Had Cancer. I Told Him This Instead‚Ä¶,2025-08-05T13:30:05Z,https://www.youtube.com/watch?v=7wCYp086W28
UCrsPLRCL7es8BLsM1bSjRtA,zTNTiKfbrjw,A Fixed Heart/Put Your Weight on It - Pastor Marvin L. Winans Sr.,2025-08-03T17:12:50Z,https://www.youtube.com/watch?v=zTNTiKfbrjw
UCrsPLRCL7es8BLsM1bSjRtA,qYAHgI-JaSw,The Gift of Grace - Pastor Marvin L. Winans,2025-07-20T18:00:45Z,https://www.youtube.com/watch?v=qYAHgI-JaSw
UCrsPLRCL7es8BLsM1bSjRtA,g-JHsHQp80I,Go Public - Is Cannabis Off Limits for Preachers?,2025-07-15T14:15:06Z,https://www.youtube.com/watch?v=g-JHsHQp80I
UCrsPLRCL7es8BLsM1bSjRtA,UMzvsy-Je9U,The Book of Proverbs Bible Study - Pastor Marvin L. Winans,2025-06-18T00:17:10Z,https://www.youtube.com/watch?v=UMzvsy-Je9U
UCrsPLRCL7es8BLsM1bSjRtA,3BQIv071k8o,You Don&#39;t Know - Don‚Äôt You Know Who I Am?,2025-06-17T14:00:08Z,https://www.youtube.com/watch?v=3BQIv071k8o
UCrsPLRCL7es8BLsM1bSjRtA,82wwSJfcK4A,You Don&#39;t Know - Pastor Marvin L. Winans,2025-06-15T17:14:03Z,https://www.youtube.com/watch?v=82wwSJfcK4A
UCrsPLRCL7es8BLsM1bSjRtA,Zd-rve4f8N8,Dominate - From Accusation to Acquittal üôèüèæ‚öñÔ∏è,2025-06-13T14:00:53Z,https://www.youtube.com/watch?v=Zd-rve4f8N8
UCrsPLRCL7es8BLsM1bSjRtA,54lT7j8LwqA,Dominate ‚Äì Pastor Marvin L. Winans,2025-06-11T00:16:22Z,https://www.youtube.com/watch?v=54lT7j8LwqA
UCrsPLRCL7es8BLsM1bSjRtA,ul-oDWFzz2Y,Passing or Permanent: It&#39;s on You - Can Depression and Jesus Live in the Same House?,2025-06-06T14:01:27Z,https://www.youtube.com/watch?v=ul-oDWFzz2Y
UCrsPLRCL7es8BLsM1bSjRtA,E-sVZELrePo,Passing or Permanent: It&#39;s on You - Pastor Marvin L. Winans,2025-06-01T20:59:53Z,https://www.youtube.com/watch?v=E-sVZELrePo
UCrsPLRCL7es8BLsM1bSjRtA,GxcnhbSow1o,Accelerate ‚Äì Elder Andre Healey,2025-05-25T17:39:25Z,https://www.youtube.com/watch?v=GxcnhbSow1o
UCrsPLRCL7es8BLsM1bSjRtA,kM0z4ZMFLQY,The Unstoppable Me by Faith - Bishop James Dixon,2025-05-24T03:09:36Z,https://www.youtube.com/watch?v=kM0z4ZMFLQY
UCrsPLRCL7es8BLsM1bSjRtA,xztc2lpuy0c,I Rebuke The Spirit of Anxiety - Pastor Marvin L. Winans,2025-05-18T17:00:29Z,https://www.youtube.com/watch?v=xztc2lpuy0c
UCrsPLRCL7es8BLsM1bSjRtA,LaK3G-8g58U,Unstoppable Faith - Pastor Cordelia Wallace,2025-05-11T17:20:10Z,https://www.youtube.com/watch?v=LaK3G-8g58U
UCrsPLRCL7es8BLsM1bSjRtA,8wOf-9vwIak,My Grace Is Sufficient - Elder Zachary Reed,2025-04-27T20:57:44Z,https://www.youtube.com/watch?v=8wOf-9vwIak
UCrsPLRCL7es8BLsM1bSjRtA,dKReoeFDcs8,What Are You Doing Here? - Pastor Marvin L. Winans Sr.,2025-04-27T17:37:12Z,https://www.youtube.com/watch?v=dKReoeFDcs8
UCrsPLRCL7es8BLsM1bSjRtA,8B4Qaq-2bN0,"Because He Got Up, I Got Out! - If Jesus Didn‚Äôt Rise, This Is All a Waste‚Ä¶",2025-04-22T14:45:00Z,https://www.youtube.com/watch?v=8B4Qaq-2bN0
UC4ETEdJ7Nb1ytTUow5lv28Q,_Xm51E9hFEU,Rain,2025-08-24T10:00:54Z,https://www.youtube.com/watch?v=_Xm51E9hFEU
UC4ETEdJ7Nb1ytTUow5lv28Q,JXPpXpqnT40,Count Your Blessings,2025-02-20T10:00:22Z,https://www.youtube.com/watch?v=JXPpXpqnT40
UC4ETEdJ7Nb1ytTUow5lv28Q,9oqg8PioV2c,What Child Is This / Carol Of The Bells,2024-10-10T10:03:29Z,https://www.youtube.com/watch?v=9oqg8PioV2c
UC4ETEdJ7Nb1ytTUow5lv28Q,SQ1lmXhQtRc,Favorite Things,2024-10-10T10:02:43Z,https://www.youtube.com/watch?v=SQ1lmXhQtRc
UC4ETEdJ7Nb1ytTUow5lv28Q,UngNYg5JNIY,Go Tell It,2024-10-10T10:04:30Z,https://www.youtube.com/watch?v=UngNYg5JNIY
UC4ETEdJ7Nb1ytTUow5lv28Q,fGoKI9flJWc,Oh What A Gift,2024-10-10T10:03:33Z,https://www.youtube.com/watch?v=fGoKI9flJWc
UC4ETEdJ7Nb1ytTUow5lv28Q,-32Bk4J5c_A,Oh Come All Ye Faithful,2024-10-10T10:03:15Z,https://www.youtube.com/watch?v=-32Bk4J5c_A
UC4ETEdJ7Nb1ytTUow5lv28Q,evm1VMqEMzw,Oh Come Emmanuel,2024-10-10T10:02:58Z,https://www.youtube.com/watch?v=evm1VMqEMzw
UC4ETEdJ7Nb1ytTUow5lv28Q,JmsycwYMxqI,Angels We Have Heard On High,2024-10-10T10:01:27Z,https://www.youtube.com/watch?v=JmsycwYMxqI
UC4ETEdJ7Nb1ytTUow5lv28Q,6YNlm4LAIU0,Back to Life,2019-12-25T19:21:56Z,https://www.youtube.com/watch?v=6YNlm4LAIU0
UC4ETEdJ7Nb1ytTUow5lv28Q,jB53NsSuJPA,More Than Anything,2019-12-25T19:21:56Z,https://www.youtube.com/watch?v=jB53NsSuJPA
UC4ETEdJ7Nb1ytTUow5lv28Q,3vvONYDh6yM,Father Stretch,2019-12-25T19:21:56Z,https://www.youtube.com/watch?v=3vvONYDh6yM
UC4ETEdJ7Nb1ytTUow5lv28Q,anjdF33xVfQ,Souls Anchored,2019-12-25T19:21:56Z,https://www.youtube.com/watch?v=anjdF33xVfQ
UC4ETEdJ7Nb1ytTUow5lv28Q,FsQVfKXmOlQ,That&#39;s How The Good Lord Works,2019-12-25T19:21:56Z,https://www.youtube.com/watch?v=FsQVfKXmOlQ
UC4ETEdJ7Nb1ytTUow5lv28Q,0G12LC70tGo,Rain,2019-12-25T19:21:57Z,https://www.youtube.com/watch?v=0G12LC70tGo
UC4ETEdJ7Nb1ytTUow5lv28Q,VMyL-yqB6Zo,Revelations 19:1,2019-12-25T19:21:56Z,https://www.youtube.com/watch?v=VMyL-yqB6Zo
UC4ETEdJ7Nb1ytTUow5lv28Q,9HuWWXcEBIc,Sweet Grace,2019-12-25T19:21:57Z,https://www.youtube.com/watch?v=9HuWWXcEBIc
UC4ETEdJ7Nb1ytTUow5lv28Q,--YrDEywNrs,Lift Up Your Voices,2019-12-25T19:21:57Z,https://www.youtube.com/watch?v=--YrDEywNrs
UC4ETEdJ7Nb1ytTUow5lv28Q,P1dz6_PT39Q,Follow Me - Faith,2019-12-25T19:21:56Z,https://www.youtube.com/watch?v=P1dz6_PT39Q
UC4ETEdJ7Nb1ytTUow5lv28Q,pZSbfca3bNg,Excellent,2019-12-25T19:21:56Z,https://www.youtube.com/watch?v=pZSbfca3bNg
UC4ETEdJ7Nb1ytTUow5lv28Q,DBVLJqy0AlA,"Satan, We‚Äôre Gonna Tear Your Kingdom Down",2019-12-25T19:21:56Z,https://www.youtube.com/watch?v=DBVLJqy0AlA
UC4ETEdJ7Nb1ytTUow5lv28Q,ziww1uTlSNM,Count Your Blessings,2019-12-25T19:21:56Z,https://www.youtube.com/watch?v=ziww1uTlSNM
UC4ETEdJ7Nb1ytTUow5lv28Q,qFKzmhUGtMA,Balm In Gilead,2019-12-25T19:21:56Z,https://www.youtube.com/watch?v=qFKzmhUGtMA
UC4ETEdJ7Nb1ytTUow5lv28Q,FXE9OIYQ_Lk,Paradise,2019-12-25T19:21:56Z,https://www.youtube.com/watch?v=FXE9OIYQ_Lk
UC4ETEdJ7Nb1ytTUow5lv28Q,azQxTt0LuOc,Total Praise,2019-12-25T19:21:56Z,https://www.youtube.com/watch?v=azQxTt0LuOc
UC4ETEdJ7Nb1ytTUow5lv28Q,CyNUTU-flpA,Sunshine,2019-12-25T19:21:56Z,https://www.youtube.com/watch?v=CyNUTU-flpA
UC4ETEdJ7Nb1ytTUow5lv28Q,TfObsBsugQI,Weak,2019-12-25T19:21:56Z,https://www.youtube.com/watch?v=TfObsBsugQI
UC4ETEdJ7Nb1ytTUow5lv28Q,b2LnDVn4iu4,Ultralight Beam,2019-12-25T19:21:56Z,https://www.youtube.com/watch?v=b2LnDVn4iu4
UCIw_FDO7qscdbLEevMx7DAg,-s73X_kSifk,Worthy of It All,2025-03-24T10:03:14Z,https://www.youtube.com/watch?v=-s73X_kSifk
UCIw_FDO7qscdbLEevMx7DAg,gezx0HrIFmM,You Say,2025-03-24T10:04:24Z,https://www.youtube.com/watch?v=gezx0HrIFmM
UCIw_FDO7qscdbLEevMx7DAg,OQnG-pEdRPw,I Thank God,2025-03-24T10:02:48Z,https://www.youtube.com/watch?v=OQnG-pEdRPw
UCIw_FDO7qscdbLEevMx7DAg,4W7wOqlyW5I,Broken Vessels,2025-03-24T10:03:41Z,https://www.youtube.com/watch?v=4W7wOqlyW5I
UCIw_FDO7qscdbLEevMx7DAg,gQ7PE052KIE,The Blessing,2025-03-24T10:03:49Z,https://www.youtube.com/watch?v=gQ7PE052KIE
UCIw_FDO7qscdbLEevMx7DAg,V8-snoBpi28,Made For More,2025-03-24T10:03:03Z,https://www.youtube.com/watch?v=V8-snoBpi28
UCIw_FDO7qscdbLEevMx7DAg,lWGxeM1S4P4,Reckless Love,2025-03-24T10:04:01Z,https://www.youtube.com/watch?v=lWGxeM1S4P4
UCIw_FDO7qscdbLEevMx7DAg,tHOWKLnbrl0,Take You At Your Word,2025-03-24T10:02:41Z,https://www.youtube.com/watch?v=tHOWKLnbrl0
UCIw_FDO7qscdbLEevMx7DAg,li65JxVAlRQ,Christ Be Magnified,2025-03-24T10:03:30Z,https://www.youtube.com/watch?v=li65JxVAlRQ
UCIw_FDO7qscdbLEevMx7DAg,kQAkEubhYWU,Jireh,2025-03-24T10:03:40Z,https://www.youtube.com/watch?v=kQAkEubhYWU
UCIw_FDO7qscdbLEevMx7DAg,kYS0d1-dZCk,Goodbye Yesterday,2025-03-24T10:03:37Z,https://www.youtube.com/watch?v=kYS0d1-dZCk
UCIw_FDO7qscdbLEevMx7DAg,4CUrm5YRcE8,Living Hope,2025-03-24T10:03:21Z,https://www.youtube.com/watch?v=4CUrm5YRcE8
UCIw_FDO7qscdbLEevMx7DAg,ZTANChhEz2c,Amazing Grace (My Chains Are Gone),2025-03-24T10:04:47Z,https://www.youtube.com/watch?v=ZTANChhEz2c
UCIw_FDO7qscdbLEevMx7DAg,ELBW9-TapvQ,What A Beautiful Name,2025-03-24T10:03:13Z,https://www.youtube.com/watch?v=ELBW9-TapvQ
UCIw_FDO7qscdbLEevMx7DAg,qBekGeDVJao,No Longer Slaves,2025-03-24T10:04:10Z,https://www.youtube.com/watch?v=qBekGeDVJao
UCIw_FDO7qscdbLEevMx7DAg,fT2qnEwCAW4,O Come to the Altar,2025-03-24T10:04:21Z,https://www.youtube.com/watch?v=fT2qnEwCAW4
UCIw_FDO7qscdbLEevMx7DAg,9_hyfB-VPic,Forever,2025-03-24T10:01:48Z,https://www.youtube.com/watch?v=9_hyfB-VPic
UCIw_FDO7qscdbLEevMx7DAg,D8PpbDiwN4I,Lord I Need You,2025-03-24T10:01:28Z,https://www.youtube.com/watch?v=D8PpbDiwN4I
UCIw_FDO7qscdbLEevMx7DAg,gDiylozAzJw,Raise A Hallelujah,2025-03-24T10:01:32Z,https://www.youtube.com/watch?v=gDiylozAzJw
UCIw_FDO7qscdbLEevMx7DAg,VGkOReJC1Po,Who You Say I Am,2025-03-24T10:02:12Z,https://www.youtube.com/watch?v=VGkOReJC1Po
UCIw_FDO7qscdbLEevMx7DAg,dGtygoNReWQ,I Surrender,2025-03-24T10:01:30Z,https://www.youtube.com/watch?v=dGtygoNReWQ
UCIw_FDO7qscdbLEevMx7DAg,qqnKpZGKRqo,Build My Life,2025-03-24T10:01:24Z,https://www.youtube.com/watch?v=qqnKpZGKRqo
UCIw_FDO7qscdbLEevMx7DAg,6cQCkfZ7nJI,Gratitude,2024-12-19T10:02:43Z,https://www.youtube.com/watch?v=6cQCkfZ7nJI
UCIw_FDO7qscdbLEevMx7DAg,kPcPQZfgHbo,O Come to the Altar,2024-12-19T10:02:57Z,https://www.youtube.com/watch?v=kPcPQZfgHbo
UCIw_FDO7qscdbLEevMx7DAg,T_AUXpLnejM,Praise,2024-12-19T10:03:11Z,https://www.youtube.com/watch?v=T_AUXpLnejM
UCIw_FDO7qscdbLEevMx7DAg,vIrDJrnSh38,Living Hope,2024-12-19T10:03:11Z,https://www.youtube.com/watch?v=vIrDJrnSh38
UCIw_FDO7qscdbLEevMx7DAg,xW2SuiCY5-8,Rest on Us,2024-12-19T10:03:28Z,https://www.youtube.com/watch?v=xW2SuiCY5-8
UCIw_FDO7qscdbLEevMx7DAg,v7zfladht5Q,Great Are You Lord,2024-12-19T10:04:16Z,https://www.youtube.com/watch?v=v7zfladht5Q
UCIw_FDO7qscdbLEevMx7DAg,4UFhOa_wHQc,Worthy of It All,2024-12-19T10:01:48Z,https://www.youtube.com/watch?v=4UFhOa_wHQc
UCIw_FDO7qscdbLEevMx7DAg,aNw0Qrt6eQ4,Same God,2024-12-19T10:02:01Z,https://www.youtube.com/watch?v=aNw0Qrt6eQ4
UC67salpy6o-H_uD8WabNSJQ,KK9cOp9gj24,Chat with the Pastor Wednesday October 21st,2020-10-19T16:06:27Z,https://www.youtube.com/watch?v=KK9cOp9gj24
UC67salpy6o-H_uD8WabNSJQ,nito-6glu7Q,"Sunday Worship October 18th, 2020 revised",2020-10-19T15:35:12Z,https://www.youtube.com/watch?v=nito-6glu7Q
UC67salpy6o-H_uD8WabNSJQ,CEB7qv3wtgU,"Chat with the Pastor, Wednesday September 30th, 2020",2020-09-30T01:56:21Z,https://www.youtube.com/watch?v=CEB7qv3wtgU
UC67salpy6o-H_uD8WabNSJQ,qstkwfJzR-I,Sunday Service September 27th 2020,2020-09-28T16:26:46Z,https://www.youtube.com/watch?v=qstkwfJzR-I
UC67salpy6o-H_uD8WabNSJQ,xOIXgJ6DnaY,"Sunday Worship Recast September 20th, 2020",2020-09-23T16:26:39Z,https://www.youtube.com/watch?v=xOIXgJ6DnaY
UC67salpy6o-H_uD8WabNSJQ,tVzfDm5RhNI,"Chat with the Pastor Sept 23rd, 2020",2020-09-23T15:16:11Z,https://www.youtube.com/watch?v=tVzfDm5RhNI
UC67salpy6o-H_uD8WabNSJQ,R88wxaHeWjI,A Special &quot;Chat with the Pastor - A Call to Prayer,2020-07-15T01:44:07Z,https://www.youtube.com/watch?v=R88wxaHeWjI
UC67salpy6o-H_uD8WabNSJQ,bC8tRWBYitE,"Sunday Sermon July 12th, 2020",2020-07-12T18:25:50Z,https://www.youtube.com/watch?v=bC8tRWBYitE
UC67salpy6o-H_uD8WabNSJQ,8cUQdse43U0,"Sunday Worship July 5th, 2020",2020-07-05T18:39:15Z,https://www.youtube.com/watch?v=8cUQdse43U0
UC67salpy6o-H_uD8WabNSJQ,taTrBdpIsJw,"Olivet Worship Sunday June 28th, 2020",2020-06-28T18:45:13Z,https://www.youtube.com/watch?v=taTrBdpIsJw
UCiSO3atwUXZ58vuOGXkUWaQ,ejobsNf5SBY,Sunday Reflection Nov 22nd 2020,2020-11-23T17:38:16Z,https://www.youtube.com/watch?v=ejobsNf5SBY
UCfkOjD5Sq0X14awrQ4bXy3A,4tx89D4Sr-E,Away In A Manger,2024-11-23T14:00:04Z,https://www.youtube.com/watch?v=4tx89D4Sr-E
UCfkOjD5Sq0X14awrQ4bXy3A,NMtH7sV1lrE,Beautiful One Piano Instrumental Worship [One Hour],2024-09-24T20:00:09Z,https://www.youtube.com/watch?v=NMtH7sV1lrE
UCfkOjD5Sq0X14awrQ4bXy3A,xW8LsxZpSNk,Amazing Grace Piano Instrumental Worship (1 Hour),2024-09-24T20:00:20Z,https://www.youtube.com/watch?v=xW8LsxZpSNk
UCfkOjD5Sq0X14awrQ4bXy3A,3ZOJLK5NzEg,Blessed Be Your Name Piano Instrumental Worship [One Hour],2024-09-24T20:00:01Z,https://www.youtube.com/watch?v=3ZOJLK5NzEg
UCfkOjD5Sq0X14awrQ4bXy3A,JVEbKMk6B34,This is the Air I Breathe 1 Hour Piano Instrumental Worship,2024-09-24T20:00:10Z,https://www.youtube.com/watch?v=JVEbKMk6B34
UCfkOjD5Sq0X14awrQ4bXy3A,-fye-gG0FhY,Come Now Is The Time To Worship Piano Instrumental Worship [One Hour],2024-09-24T20:00:00Z,https://www.youtube.com/watch?v=-fye-gG0FhY
UCu0S5vMniGPSbH3NTBkiZXA,Oi3IR9dfVpU,&quot;Power To The People&quot; | Pastor Dorian Cast,2025-10-05T16:45:06Z,https://www.youtube.com/watch?v=Oi3IR9dfVpU
UCu0S5vMniGPSbH3NTBkiZXA,nxSDy8j2KBk,Bible Study | 9-30,2025-10-01T12:27:07Z,https://www.youtube.com/watch?v=nxSDy8j2KBk
UCu0S5vMniGPSbH3NTBkiZXA,QHS5B2Xbj84,Don&#39;t Stop Fighting | Pastor Danisha Bonner,2025-09-28T15:32:49Z,https://www.youtube.com/watch?v=QHS5B2Xbj84
UCu0S5vMniGPSbH3NTBkiZXA,r_1RnoUkawU,&quot;Take Your Mind Back&quot; | Pastor Dorian Cast,2025-09-21T16:08:20Z,https://www.youtube.com/watch?v=r_1RnoUkawU
UCu0S5vMniGPSbH3NTBkiZXA,gTKlK_xCzVw,&quot;Can These Bones Live?&quot; | Pastor Dorian Cast,2025-09-14T16:26:40Z,https://www.youtube.com/watch?v=gTKlK_xCzVw
UCu0S5vMniGPSbH3NTBkiZXA,pMcK3NUBOVA,&quot;The Divine Supply&quot; | Pastor Dorian Cast,2025-09-07T19:13:25Z,https://www.youtube.com/watch?v=pMcK3NUBOVA
UCu0S5vMniGPSbH3NTBkiZXA,CvDzOQ5UnJk,Bible Study | 9-2,2025-09-03T12:36:08Z,https://www.youtube.com/watch?v=CvDzOQ5UnJk
UCu0S5vMniGPSbH3NTBkiZXA,t9U16QUqjQg,Bible Study | 8-26,2025-08-27T00:14:35Z,https://www.youtube.com/watch?v=t9U16QUqjQg
UCu0S5vMniGPSbH3NTBkiZXA,Xwfk8q8m4gA,&quot;The Wisdom Crisis&quot; | Pastor Dorian Cast,2025-08-25T04:15:36Z,https://www.youtube.com/watch?v=Xwfk8q8m4gA
UCu0S5vMniGPSbH3NTBkiZXA,2R_jdORrlCk,Bible Study | 8-19,2025-08-20T00:11:45Z,https://www.youtube.com/watch?v=2R_jdORrlCk
UCu0S5vMniGPSbH3NTBkiZXA,bborOQUL0is,&quot;Dream Bigger&quot; | Pastor Alvin Thomas,2025-08-17T15:46:46Z,https://www.youtube.com/watch?v=bborOQUL0is
UCu0S5vMniGPSbH3NTBkiZXA,ggzq7WK5sBQ,Bible Study | 8-12,2025-08-13T12:16:29Z,https://www.youtube.com/watch?v=ggzq7WK5sBQ
UCu0S5vMniGPSbH3NTBkiZXA,xrGx6Tf6o40,&quot;This Is Only A Test&quot; | Pastor Dorian Cast,2025-08-10T16:46:25Z,https://www.youtube.com/watch?v=xrGx6Tf6o40
UCu0S5vMniGPSbH3NTBkiZXA,dhstDLaIDlw,Bible Study | 8-5,2025-08-06T12:06:02Z,https://www.youtube.com/watch?v=dhstDLaIDlw
UCu0S5vMniGPSbH3NTBkiZXA,QHqWn_XwfaA,&quot;Until He Comes&quot; | Pastor Dorian Cast,2025-08-04T04:29:37Z,https://www.youtube.com/watch?v=QHqWn_XwfaA
UCu0S5vMniGPSbH3NTBkiZXA,8pNaOU8m4AI,Bible 7-29,2025-07-30T12:31:45Z,https://www.youtube.com/watch?v=8pNaOU8m4AI
UCu0S5vMniGPSbH3NTBkiZXA,ocO0th125L8,I&#39;m Tired Of Doing Good | Pastor Dorian Cast,2025-07-28T03:55:44Z,https://www.youtube.com/watch?v=ocO0th125L8
UCu0S5vMniGPSbH3NTBkiZXA,OSZQmU3O2m0,Bible Study | 7-22,2025-07-23T11:42:03Z,https://www.youtube.com/watch?v=OSZQmU3O2m0
UCu0S5vMniGPSbH3NTBkiZXA,e620JVbvisY,"His Yes, Our Amen | Pastor Dorian Cast",2025-07-20T15:57:32Z,https://www.youtube.com/watch?v=e620JVbvisY
UCu0S5vMniGPSbH3NTBkiZXA,OqKg4UMo-7A,Bible Study | 7-15,2025-07-16T12:21:50Z,https://www.youtube.com/watch?v=OqKg4UMo-7A
UCu0S5vMniGPSbH3NTBkiZXA,J_Icfl77PH8,&quot;The Cure For Hunger&quot; | Pastor Dorian Cast,2025-07-13T15:43:40Z,https://www.youtube.com/watch?v=J_Icfl77PH8
UCu0S5vMniGPSbH3NTBkiZXA,Ek_6UVSpH3A,Bible Study | 7-8,2025-07-09T12:21:13Z,https://www.youtube.com/watch?v=Ek_6UVSpH3A
UCu0S5vMniGPSbH3NTBkiZXA,rDWUH1bS7nw,&quot;Right Now Joy&quot; | Pastor Dorian Cast,2025-07-06T15:56:11Z,https://www.youtube.com/watch?v=rDWUH1bS7nw
UCu0S5vMniGPSbH3NTBkiZXA,DyHLVHpEVPU,LAM Youth Sunday,2025-06-29T16:23:17Z,https://www.youtube.com/watch?v=DyHLVHpEVPU
UCu0S5vMniGPSbH3NTBkiZXA,PoeXBvifQb8,Bible Study | 6-24,2025-06-25T12:25:59Z,https://www.youtube.com/watch?v=PoeXBvifQb8
UCu0S5vMniGPSbH3NTBkiZXA,Dc8QVqh1O4c,&quot;I Am His Glory&quot; | Pastor Dorian Cast,2025-06-23T04:07:13Z,https://www.youtube.com/watch?v=Dc8QVqh1O4c
UCu0S5vMniGPSbH3NTBkiZXA,0c6G9YZbzbQ,The Power of an Endless Life | Bishop Adolphus  Cast,2025-06-15T16:27:10Z,https://www.youtube.com/watch?v=0c6G9YZbzbQ
UCu0S5vMniGPSbH3NTBkiZXA,kK4PlwsoPg0,&quot;Blessing of Third Place PT. 2&quot; | Pastor Dorian Cast,2025-06-08T16:28:43Z,https://www.youtube.com/watch?v=kK4PlwsoPg0
UCu0S5vMniGPSbH3NTBkiZXA,4tYgT22qQTo,&quot;The Blessing of Third Place&quot; | Pastor Dorian Cast,2025-06-01T16:10:12Z,https://www.youtube.com/watch?v=4tYgT22qQTo
UCu0S5vMniGPSbH3NTBkiZXA,mpC0xS4ORFo,Bible Study | 5-27,2025-05-28T00:17:30Z,https://www.youtube.com/watch?v=mpC0xS4ORFo
UCnTDQ1ggnV_wdm6JsHVBAaQ,7jgp90HAnrc,The Trinity and You (Trinity Sunday) | Ben Zornes,2025-06-19T19:25:13Z,https://www.youtube.com/watch?v=7jgp90HAnrc
UCnTDQ1ggnV_wdm6JsHVBAaQ,8a6ZhndtySk,Pentecost and You | Ben Zornes,2025-06-11T08:43:48Z,https://www.youtube.com/watch?v=8a6ZhndtySk
UCnTDQ1ggnV_wdm6JsHVBAaQ,LRQLsJ2Vr5c,One More Night with the Frogs | Ben Merkle,2025-05-14T04:14:55Z,https://www.youtube.com/watch?v=LRQLsJ2Vr5c
UCnTDQ1ggnV_wdm6JsHVBAaQ,Q2nJ-z_NkPE,Doug Wilson | Reading the Wind | Missions Conference 2025,2025-04-18T00:00:05Z,https://www.youtube.com/watch?v=Q2nJ-z_NkPE
UCnTDQ1ggnV_wdm6JsHVBAaQ,0RiBr_l9gRM,Reluctant Moses | Ben Merkle,2025-04-09T17:33:24Z,https://www.youtube.com/watch?v=0RiBr_l9gRM
UCnTDQ1ggnV_wdm6JsHVBAaQ,FH43rEKY4uk,The Plain Gospel Intent (Acts of the Apostles #25) | Douglas Wilson,2025-04-02T18:13:20Z,https://www.youtube.com/watch?v=FH43rEKY4uk
UCnTDQ1ggnV_wdm6JsHVBAaQ,6BxA2N4igQs,On the Street Called Straight (Acts of the Apostles #22) | Douglas Wilson,2025-03-10T20:49:26Z,https://www.youtube.com/watch?v=6BxA2N4igQs
UCnTDQ1ggnV_wdm6JsHVBAaQ,S2ODHwBRQfk,That Which is of First Importance: The Forgiveness of Sins | Joshua Appel,2025-03-03T03:19:34Z,https://www.youtube.com/watch?v=S2ODHwBRQfk
UCnTDQ1ggnV_wdm6JsHVBAaQ,VqB3AsePNxM,Christmas Is All About Worship | Christmas Eve | Toby Sumpter,2025-01-01T18:36:51Z,https://www.youtube.com/watch?v=VqB3AsePNxM
UCnTDQ1ggnV_wdm6JsHVBAaQ,ys2EiFpJAV0,What is Covenant? (Advent #3) | Ben Zornes,2024-12-18T18:05:59Z,https://www.youtube.com/watch?v=ys2EiFpJAV0
UCnTDQ1ggnV_wdm6JsHVBAaQ,_HMw4Z8Bfg8,Immigration in Clown World (Politics in the Pulpit #3) | Ben Zornes,2024-11-27T10:45:36Z,https://www.youtube.com/watch?v=_HMw4Z8Bfg8
UCnTDQ1ggnV_wdm6JsHVBAaQ,GSq6-S1jyEw,Nancy Wilson   ‚ÄúBack to Basics‚Äù,2024-10-31T19:39:04Z,https://www.youtube.com/watch?v=GSq6-S1jyEw
UCnTDQ1ggnV_wdm6JsHVBAaQ,7PqdrHDRJDQ,Joe Rigney   You‚Äôre Gonna Need That Spine,2024-10-31T19:36:46Z,https://www.youtube.com/watch?v=7PqdrHDRJDQ
UCnTDQ1ggnV_wdm6JsHVBAaQ,zm5NMZDTdBU,DANIEL NEWMAN ‚ÄúThe Most Important Subject You‚Äôre Probably Not Being Taught‚Äù,2024-10-31T19:38:24Z,https://www.youtube.com/watch?v=zm5NMZDTdBU
UCnTDQ1ggnV_wdm6JsHVBAaQ,6TXUgmV8EQc,Nate Wilson   Holy War,2024-10-31T19:36:28Z,https://www.youtube.com/watch?v=6TXUgmV8EQc
UCnTDQ1ggnV_wdm6JsHVBAaQ,_V2w0U-Gxx0,No Other Name (Acts of the Apostles #9) | Douglas Wilson,2024-10-09T10:11:00Z,https://www.youtube.com/watch?v=_V2w0U-Gxx0
UCnTDQ1ggnV_wdm6JsHVBAaQ,QfVgV4FL6I4,"LUDWIG VAN BEETHOVEN&#39;S GELLERT LIEDER, Op  48",2024-09-25T19:00:31Z,https://www.youtube.com/watch?v=QfVgV4FL6I4
UCnTDQ1ggnV_wdm6JsHVBAaQ,KWrILcSdfAs,"CAMILLE SAINT SA√ãNS&#39; SEPTET IN E FLAT MAJOR,OP  65",2024-09-25T19:00:32Z,https://www.youtube.com/watch?v=KWrILcSdfAs
UCnTDQ1ggnV_wdm6JsHVBAaQ,BTffVxEMNGk,RHYTHM NOTATION: TIME SIGNATURES - Understanding Musical Components and Notation,2024-08-05T17:00:14Z,https://www.youtube.com/watch?v=BTffVxEMNGk
UCnTDQ1ggnV_wdm6JsHVBAaQ,yNMDcHpKsyc,Meaning of Justice | Douglas Wilson (School of Practical Christianity #7),2024-08-01T20:30:06Z,https://www.youtube.com/watch?v=yNMDcHpKsyc
UCnTDQ1ggnV_wdm6JsHVBAaQ,XVS7U_wy_Ko,How to Survive a Coup | Jared Longshore,2024-07-31T09:50:42Z,https://www.youtube.com/watch?v=XVS7U_wy_Ko
UCnTDQ1ggnV_wdm6JsHVBAaQ,nymhw6Z82Ns,The National Crisis (Judges #20),2024-06-27T18:20:02Z,https://www.youtube.com/watch?v=nymhw6Z82Ns
UCnTDQ1ggnV_wdm6JsHVBAaQ,BgHCCdKZyPs,The Pickle God Puts Us In | Jared Longshore,2024-06-27T01:02:16Z,https://www.youtube.com/watch?v=BgHCCdKZyPs
UCnTDQ1ggnV_wdm6JsHVBAaQ,xT0SJ-bvZWA,Distinguishing Sons and Daughters | Douglas Wilson  (School of Practical Christianity #6),2024-06-12T23:39:41Z,https://www.youtube.com/watch?v=xT0SJ-bvZWA
UCnTDQ1ggnV_wdm6JsHVBAaQ,w_C3IUB4Bnk,Ascension Sunday 2024 | Douglas Wilson,2024-05-15T10:18:38Z,https://www.youtube.com/watch?v=w_C3IUB4Bnk
UCnTDQ1ggnV_wdm6JsHVBAaQ,If_4PFYhYO0,Now Let the Vault of Heaven Resound | Cantus Christi #635,2024-05-08T19:00:02Z,https://www.youtube.com/watch?v=If_4PFYhYO0
UCnTDQ1ggnV_wdm6JsHVBAaQ,kjHT8rDaXkI,Crown Him With Many Crowns | Cantus Christi #531,2024-05-08T18:58:30Z,https://www.youtube.com/watch?v=kjHT8rDaXkI
UCnTDQ1ggnV_wdm6JsHVBAaQ,4wx8mNj-6mo,"Hymn of the Month - APRIL 2024 &quot;Isaiah, Mighty Seer, In Days of Old&quot;",2024-04-05T23:39:31Z,https://www.youtube.com/watch?v=4wx8mNj-6mo
UCnTDQ1ggnV_wdm6JsHVBAaQ,shl39SLSbH4,Keeping Your Life on Target | Ben Merkle | CRF,2024-03-02T22:54:33Z,https://www.youtube.com/watch?v=shl39SLSbH4
UCnTDQ1ggnV_wdm6JsHVBAaQ,tpqk5Q2k_4s,Biblical Brotherhood and Sisterhood | Joshua Edgren,2024-02-26T13:51:07Z,https://www.youtube.com/watch?v=tpqk5Q2k_4s
UCVkSnYJz9l73rtdviydsVcg,DoNsC0YWf9g,Ephesians Week 5: For This Reason 10/05/2025,2025-10-06T04:09:02Z,https://www.youtube.com/watch?v=DoNsC0YWf9g
UCVkSnYJz9l73rtdviydsVcg,PmfaC2XzLN0,Ephesians Week 4: Breaking Down to Build Up on 09/28/2025,2025-09-29T04:11:57Z,https://www.youtube.com/watch?v=PmfaC2XzLN0
UCVkSnYJz9l73rtdviydsVcg,j_EigcsONDE,Ephesians Week 3 - Alive in Christ on 09/21/2025,2025-09-22T03:56:33Z,https://www.youtube.com/watch?v=j_EigcsONDE
UCVkSnYJz9l73rtdviydsVcg,pzwDto809_s,Ephesians Week 3 - Alive in Christ on 09/21/2025,2025-09-22T02:23:06Z,https://www.youtube.com/watch?v=pzwDto809_s
UCVkSnYJz9l73rtdviydsVcg,AvhrP0V9JD8,Ephesians Week 2 - Praise &amp; Prayer on 09/14/2025,2025-09-15T04:35:11Z,https://www.youtube.com/watch?v=AvhrP0V9JD8
UCVkSnYJz9l73rtdviydsVcg,nAoAgKXXGZM,Ephesians Week 2 - Praise &amp; Prayer on 09/14/2025,2025-09-15T02:37:14Z,https://www.youtube.com/watch?v=nAoAgKXXGZM
UCVkSnYJz9l73rtdviydsVcg,rMr-y0i71Tg,Ephesians Week 1: Blessed &amp; Adopted - 09/07/2025,2025-09-08T05:45:13Z,https://www.youtube.com/watch?v=rMr-y0i71Tg
UCVkSnYJz9l73rtdviydsVcg,Wyb4Fycms8s,Ephesians Week 1: Blessed &amp; Adopted - 09/07/2025,2025-09-08T02:26:26Z,https://www.youtube.com/watch?v=Wyb4Fycms8s
UCVkSnYJz9l73rtdviydsVcg,l_CcCfUWI1g,"Ordinary People, Extraordinary God - 08/31/2025",2025-09-01T04:42:45Z,https://www.youtube.com/watch?v=l_CcCfUWI1g
UCVkSnYJz9l73rtdviydsVcg,f4lQ-xYjl1A,"Ordinary People, Extraordinary God - 08/31/2025",2025-09-01T02:26:56Z,https://www.youtube.com/watch?v=f4lQ-xYjl1A
UCVkSnYJz9l73rtdviydsVcg,qYuSFfuSAs8,"Ordinary People, Extraordinary God: Four Friends 08/24/2025",2025-08-25T04:26:45Z,https://www.youtube.com/watch?v=qYuSFfuSAs8
UCVkSnYJz9l73rtdviydsVcg,18HhGxf-nM0,"Ordinary People, Extraordinary God: Four Friends 08/24/2025",2025-08-25T02:31:30Z,https://www.youtube.com/watch?v=18HhGxf-nM0
UCVkSnYJz9l73rtdviydsVcg,kpBKwkJE2cY,Making Room for More - 08/17/2025,2025-08-18T06:17:48Z,https://www.youtube.com/watch?v=kpBKwkJE2cY
UCVkSnYJz9l73rtdviydsVcg,W8-w3DEmKM4,Making Room for More - 08/17/2025,2025-08-18T02:22:39Z,https://www.youtube.com/watch?v=W8-w3DEmKM4
UCVkSnYJz9l73rtdviydsVcg,hHsrLnfe80M,"Ordinary People, Extraordinary God: Leah 08/10/2025",2025-08-11T04:02:39Z,https://www.youtube.com/watch?v=hHsrLnfe80M
UCVkSnYJz9l73rtdviydsVcg,y_sChNYKsfw,"Ordinary People, Extraordinary God: Leah 08/10/2025",2025-08-11T02:33:20Z,https://www.youtube.com/watch?v=y_sChNYKsfw
UCVkSnYJz9l73rtdviydsVcg,Kr_MuJYsai8,"Ordinary People, Extraordinary God: Peter &amp; John 08/03/2025",2025-08-04T04:35:14Z,https://www.youtube.com/watch?v=Kr_MuJYsai8
UCVkSnYJz9l73rtdviydsVcg,GAHG2cVoBSU,"Ordinary People, Extraordinary God: Peter &amp; John 08/03/2025",2025-08-04T02:24:23Z,https://www.youtube.com/watch?v=GAHG2cVoBSU
UCVkSnYJz9l73rtdviydsVcg,HmnbGLiKKPI,"Ordinary People, Extraordinary God: Elijah - 07/27/2025 at 10:30 AM",2025-07-28T06:16:17Z,https://www.youtube.com/watch?v=HmnbGLiKKPI
UCVkSnYJz9l73rtdviydsVcg,qz2Wmeyse3E,"Ordinary People, Extraordinary God: Gideon 07/20/2025",2025-07-21T04:06:46Z,https://www.youtube.com/watch?v=qz2Wmeyse3E
UCVkSnYJz9l73rtdviydsVcg,DN1HJqJo5Ek,"Ordinary People, Extraordinary God: Week 2, 10:30 AM on 07/13/2025",2025-07-14T04:01:29Z,https://www.youtube.com/watch?v=DN1HJqJo5Ek
UCVkSnYJz9l73rtdviydsVcg,AdR7pxTR5QM,"Ordinary People, Extraordinary God: Week 1, 10:30 AM on 07/06/2025",2025-07-07T04:00:22Z,https://www.youtube.com/watch?v=AdR7pxTR5QM
UCVkSnYJz9l73rtdviydsVcg,zMpm5dCJj8o,VBS Celebration Sunday! 10:30 AM on 06/29/2025,2025-06-30T04:19:04Z,https://www.youtube.com/watch?v=zMpm5dCJj8o
UCVkSnYJz9l73rtdviydsVcg,B8nBmgpi99c,Plot Twist: Pharaoh&#39;s Palace from the 10:30 AM livestream on 06/22/2025,2025-06-23T04:12:16Z,https://www.youtube.com/watch?v=B8nBmgpi99c
UCVkSnYJz9l73rtdviydsVcg,mPij_RvVk1o,Plot Twist: A Father&#39;s Love from the 10:30 AM livestream on 06/15/2025,2025-06-16T03:57:48Z,https://www.youtube.com/watch?v=mPij_RvVk1o
UCVkSnYJz9l73rtdviydsVcg,3ETGoip4Yy4,Plot Twist: Potiphar&#39;s House from the 10:30 AM livestream on 06/08/2025,2025-06-09T04:04:00Z,https://www.youtube.com/watch?v=3ETGoip4Yy4
UCVkSnYJz9l73rtdviydsVcg,9zTNtarkuf4,Plot Twist: The Pit from the 10:30 AM livestream on 06/01/2025,2025-06-02T04:21:27Z,https://www.youtube.com/watch?v=9zTNtarkuf4
UCVkSnYJz9l73rtdviydsVcg,gbOMF3vUsKE,10:30 AM service on 05/25/2025,2025-05-26T04:09:45Z,https://www.youtube.com/watch?v=gbOMF3vUsKE
UCVkSnYJz9l73rtdviydsVcg,5NieH9IK5IU,Prodigal from the 10:30 AM livestream on 05/18/2025,2025-05-19T04:39:34Z,https://www.youtube.com/watch?v=5NieH9IK5IU
UCVkSnYJz9l73rtdviydsVcg,CteGeAqMVTs,Naomi - Redeeming Hardship from the 10:30 AM livestream on 05/11/2025,2025-05-12T04:00:45Z,https://www.youtube.com/watch?v=CteGeAqMVTs
UCqAy6VGvzA-f_WKQ0A2cDjw,NUqsd6YUa-4,Vision Becomes Reality | Brandon Grant | 10/5/25 | Sermon,2025-10-05T18:17:39Z,https://www.youtube.com/watch?v=NUqsd6YUa-4
UCqAy6VGvzA-f_WKQ0A2cDjw,cRjINIZ1OWo,A Day in the Life || LMC 2 || Sermon,2023-09-17T16:13:32Z,https://www.youtube.com/watch?v=cRjINIZ1OWo
UCqAy6VGvzA-f_WKQ0A2cDjw,y9fY8F0hnng,Worship during Monday staff prayer hits different üôå,2022-11-16T23:35:02Z,https://www.youtube.com/watch?v=y9fY8F0hnng
UCqAy6VGvzA-f_WKQ0A2cDjw,VBKIpTrOM6M,Eastview Online | From &quot;I Got This&quot; to &quot;Jesus Help Me&quot; | Failing Fearlessly #3,2022-01-16T17:08:07Z,https://www.youtube.com/watch?v=VBKIpTrOM6M
UCqAy6VGvzA-f_WKQ0A2cDjw,C6aFxSa-UdA,05-17-2020 Service for Deaf and Hard of Hearing,2020-05-17T16:51:32Z,https://www.youtube.com/watch?v=C6aFxSa-UdA
UCqAy6VGvzA-f_WKQ0A2cDjw,QBr1RmDWVEk,07-16-2017 Sermon (Steve Poe),2017-07-16T17:55:28Z,https://www.youtube.com/watch?v=QBr1RmDWVEk
UCqAy6VGvzA-f_WKQ0A2cDjw,g5HpucvLZbE,Faith and Work for Everyone,2017-05-03T19:58:55Z,https://www.youtube.com/watch?v=g5HpucvLZbE
UCqAy6VGvzA-f_WKQ0A2cDjw,C8IEKCV7FVY,Victory Spoken Word,2016-07-11T14:28:35Z,https://www.youtube.com/watch?v=C8IEKCV7FVY
UCCyIeL6-oYm05chvsIVytAw,5t5cCXqv_A8,NORTHEAST LIVE | 11AM,2025-10-06T04:42:01Z,https://www.youtube.com/watch?v=5t5cCXqv_A8
UCCyIeL6-oYm05chvsIVytAw,B6ZonyvF5-Y,NORTHEAST LIVE | 9AM,2025-10-05T14:41:50Z,https://www.youtube.com/watch?v=B6ZonyvF5-Y
UCCyIeL6-oYm05chvsIVytAw,kS4IfLFKZKw,The Next Ten - the church. at Bashford Manor Story,2025-10-02T22:17:36Z,https://www.youtube.com/watch?v=kS4IfLFKZKw
UCCyIeL6-oYm05chvsIVytAw,LjacXcXNgcQ,The Next Ten - A Movement that Loves the Least,2025-09-29T16:16:43Z,https://www.youtube.com/watch?v=LjacXcXNgcQ
UCCyIeL6-oYm05chvsIVytAw,plsHkoBLCVk,NORTHEAST LIVE | 11AM,2025-09-29T04:37:38Z,https://www.youtube.com/watch?v=plsHkoBLCVk
UCCyIeL6-oYm05chvsIVytAw,FyMr_kpIZwM,NORTHEAST LIVE | 9AM,2025-09-28T14:48:11Z,https://www.youtube.com/watch?v=FyMr_kpIZwM
UCCyIeL6-oYm05chvsIVytAw,8-e6GJuQt0U,The Next Ten - A Movement Led by the Church,2025-09-22T15:02:41Z,https://www.youtube.com/watch?v=8-e6GJuQt0U
UCCyIeL6-oYm05chvsIVytAw,uSfbTgIQ8T4,NORTHEAST LIVE | 11AM,2025-09-22T04:41:02Z,https://www.youtube.com/watch?v=uSfbTgIQ8T4
UCCyIeL6-oYm05chvsIVytAw,BqHluR7Wxq8,NORTHEAST LIVE | 9AM,2025-09-21T14:39:19Z,https://www.youtube.com/watch?v=BqHluR7Wxq8
UCCyIeL6-oYm05chvsIVytAw,By97O8G4tTc,NORTHEAST LIVE | 11AM,2025-09-15T04:40:39Z,https://www.youtube.com/watch?v=By97O8G4tTc
UCCyIeL6-oYm05chvsIVytAw,YSA7byb7WYA,NORTHEAST LIVE | 9AM,2025-09-14T14:57:46Z,https://www.youtube.com/watch?v=YSA7byb7WYA
UCCyIeL6-oYm05chvsIVytAw,FguYMyDHCmM,Before and After: The Blind Man,2025-09-02T14:48:21Z,https://www.youtube.com/watch?v=FguYMyDHCmM
UCCyIeL6-oYm05chvsIVytAw,75pkoRksrD0,NORTHEAST LIVE | 11AM,2025-09-01T05:10:42Z,https://www.youtube.com/watch?v=75pkoRksrD0
UCCyIeL6-oYm05chvsIVytAw,EUvRUTz04-g,NORTHEAST LIVE | 9AM,2025-08-31T14:53:41Z,https://www.youtube.com/watch?v=EUvRUTz04-g
UCCyIeL6-oYm05chvsIVytAw,9gnPn7JPqk0,NORTHEAST LIVE | 11AM,2025-08-25T06:56:37Z,https://www.youtube.com/watch?v=9gnPn7JPqk0
UCCyIeL6-oYm05chvsIVytAw,ww_FgxxcN0I,NORTHEAST LIVE | 9AM,2025-08-24T15:25:56Z,https://www.youtube.com/watch?v=ww_FgxxcN0I
UCCyIeL6-oYm05chvsIVytAw,pvmxDWWZFtE,Before and After: Nathanael the Skeptic,2025-08-18T19:54:22Z,https://www.youtube.com/watch?v=pvmxDWWZFtE
UCCyIeL6-oYm05chvsIVytAw,yVxwE4v9zD8,Before and After: Nathanael the Skeptic,2025-08-17T14:42:50Z,https://www.youtube.com/watch?v=yVxwE4v9zD8
UCCyIeL6-oYm05chvsIVytAw,jUO-5lHM6GE,The Next Ten Years of Love the &#39;Ville,2025-08-12T02:31:18Z,https://www.youtube.com/watch?v=jUO-5lHM6GE
UCCyIeL6-oYm05chvsIVytAw,soOvJrKM7u4,NORTHEAST LIVE | 11AM,2025-08-11T05:01:51Z,https://www.youtube.com/watch?v=soOvJrKM7u4
UCCyIeL6-oYm05chvsIVytAw,P4qwco3AQ3o,NORTHEAST LIVE | 9AM,2025-08-11T02:58:54Z,https://www.youtube.com/watch?v=P4qwco3AQ3o
UCCyIeL6-oYm05chvsIVytAw,2EwXSjRkPj4,NORTHEAST LIVE | 11AM,2025-08-04T04:46:42Z,https://www.youtube.com/watch?v=2EwXSjRkPj4
UCCyIeL6-oYm05chvsIVytAw,-E3DnMelUUw,NORTHEAST LIVE | 9AM,2025-08-04T02:39:04Z,https://www.youtube.com/watch?v=-E3DnMelUUw
UCCyIeL6-oYm05chvsIVytAw,nCovcvGjTtM,The Next Ten Years of Love the &#39;Ville,2025-08-03T19:11:11Z,https://www.youtube.com/watch?v=nCovcvGjTtM
UCCyIeL6-oYm05chvsIVytAw,FD30qZAa8UY,SCHOOL BLITZ SERVICE ONLINE,2025-07-28T18:07:54Z,https://www.youtube.com/watch?v=FD30qZAa8UY
UCCyIeL6-oYm05chvsIVytAw,GBrFNDwbq2s,NO CHURCH TODAY - SCHOOL BLITZ,2025-07-28T03:50:16Z,https://www.youtube.com/watch?v=GBrFNDwbq2s
UCCyIeL6-oYm05chvsIVytAw,ITkqiJK1ygs,NO CHURCH TODAY - SCHOOL BLITZ,2025-07-28T01:51:47Z,https://www.youtube.com/watch?v=ITkqiJK1ygs
UCCyIeL6-oYm05chvsIVytAw,fG5mCbF65fg,Echo Podcast: Future Worship - Episode 3,2025-07-21T15:47:05Z,https://www.youtube.com/watch?v=fG5mCbF65fg
UCCyIeL6-oYm05chvsIVytAw,DLMhhL2rjn0,NORTHEAST LIVE | 11AM,2025-07-21T08:24:40Z,https://www.youtube.com/watch?v=DLMhhL2rjn0
UCCyIeL6-oYm05chvsIVytAw,XsEtds8wK7o,NORTHEAST LIVE | 9AM,2025-07-20T14:42:39Z,https://www.youtube.com/watch?v=XsEtds8wK7o
UCss0v7K1UhgkWHK6IB-E5Qg,GOqmBkOaiHk,"Sunday Evening Meeting of the Temple Baptist Church ‚Ä¢ October 5, 2025",2025-10-05T23:40:05Z,https://www.youtube.com/watch?v=GOqmBkOaiHk
UCss0v7K1UhgkWHK6IB-E5Qg,-MUcBSf0QoI,"Sunday Morning Meeting of the Temple Baptist Church ‚Ä¢ October 5, 2025",2025-10-05T16:27:22Z,https://www.youtube.com/watch?v=-MUcBSf0QoI
UCss0v7K1UhgkWHK6IB-E5Qg,Kh9BN4fhIPc,"Wednesday Evening Meeting of the Temple Baptist Church ‚Ä¢ October 1, 2025",2025-10-02T00:49:28Z,https://www.youtube.com/watch?v=Kh9BN4fhIPc
UC1A_SlTZKjsItketWCFX4Mw,Sd6lpaGPxyQ,The Word Still Works | Dr. Marcus D. Cosby,2025-10-05T19:05:34Z,https://www.youtube.com/watch?v=Sd6lpaGPxyQ
UC1A_SlTZKjsItketWCFX4Mw,AwRINnMEDt4,Speak Youth To Power - 18th Congressional Debate,2025-10-05T06:39:14Z,https://www.youtube.com/watch?v=AwRINnMEDt4
UC1A_SlTZKjsItketWCFX4Mw,8Dl1Icnn3jk,Wednesdays in the Word | Night One,2025-10-02T02:20:34Z,https://www.youtube.com/watch?v=8Dl1Icnn3jk
UC1A_SlTZKjsItketWCFX4Mw,3rAaW4l1IS0,"Chapters + Verses, Vol. 2 Interview with Min. Leon Lewis",2025-10-01T21:00:04Z,https://www.youtube.com/watch?v=3rAaW4l1IS0
UC1A_SlTZKjsItketWCFX4Mw,D6BnItoyXjY,A Call to Worship: Matters of the Heart | Rev. Ranyne H. Johnson,2025-09-28T19:03:03Z,https://www.youtube.com/watch?v=D6BnItoyXjY
UC1A_SlTZKjsItketWCFX4Mw,AqAmPSkEh_c,Wednesday Bible Study,2025-09-25T01:19:44Z,https://www.youtube.com/watch?v=AqAmPSkEh_c
UC1A_SlTZKjsItketWCFX4Mw,UniJsZrpYA8,Wednesday Bible Study,2025-09-18T01:14:00Z,https://www.youtube.com/watch?v=UniJsZrpYA8
UC1A_SlTZKjsItketWCFX4Mw,n8GLadzjqGo,The Call to Worship in Song | Dr. Marcus D. Cosby,2025-09-14T18:49:38Z,https://www.youtube.com/watch?v=n8GLadzjqGo
UC1A_SlTZKjsItketWCFX4Mw,LWVkVb7Tut8,Seniors Conference 2025,2025-09-12T22:31:54Z,https://www.youtube.com/watch?v=LWVkVb7Tut8
UC1A_SlTZKjsItketWCFX4Mw,aYSlCrkE2Ms,Wednesday Bible Study,2025-09-12T22:16:52Z,https://www.youtube.com/watch?v=aYSlCrkE2Ms
UC1A_SlTZKjsItketWCFX4Mw,cpLwcRo3Ae4,The Call to Worship | Dr. Marcus D. Cosby,2025-09-07T19:29:59Z,https://www.youtube.com/watch?v=cpLwcRo3Ae4
UC1A_SlTZKjsItketWCFX4Mw,rohlURQB59o,Wednesday Bible Study,2025-09-04T01:20:51Z,https://www.youtube.com/watch?v=rohlURQB59o
UC1A_SlTZKjsItketWCFX4Mw,Vm6AQi0ahsE,Sunday Worship Service,2025-08-31T19:00:39Z,https://www.youtube.com/watch?v=Vm6AQi0ahsE
UC1A_SlTZKjsItketWCFX4Mw,KXZby1XFuFY,Sunday Worship Service,2025-08-31T15:04:10Z,https://www.youtube.com/watch?v=KXZby1XFuFY
UC1A_SlTZKjsItketWCFX4Mw,pWnjuNetko4,18th Congressional District Candidates Forum,2025-08-29T13:19:52Z,https://www.youtube.com/watch?v=pWnjuNetko4
UC1A_SlTZKjsItketWCFX4Mw,rEGyROZAoxU,God&#39;s delay is NOT denial!,2025-08-28T15:40:56Z,https://www.youtube.com/watch?v=rEGyROZAoxU
UC1A_SlTZKjsItketWCFX4Mw,o6E0gqaj9mI,Wednesday Bible Study,2025-08-28T01:22:08Z,https://www.youtube.com/watch?v=o6E0gqaj9mI
UC1A_SlTZKjsItketWCFX4Mw,wvNkwOUeI98,He Heard You! | Dr. Marcus D. Cosby,2025-08-24T19:10:55Z,https://www.youtube.com/watch?v=wvNkwOUeI98
UC1A_SlTZKjsItketWCFX4Mw,0RY7eW7PQws,I Choose to Be a Blessing through Prayer and Participation | Rev. Dr. Lekesha Attuquayefio,2025-08-17T18:46:37Z,https://www.youtube.com/watch?v=0RY7eW7PQws
UC1A_SlTZKjsItketWCFX4Mw,u-fMxJTzJw4,Back to School Revival - Night Two,2025-08-09T02:22:00Z,https://www.youtube.com/watch?v=u-fMxJTzJw4
UC1A_SlTZKjsItketWCFX4Mw,5VB4Fi7Q-nc,When Hezekiah Prayed‚Ä¶ | Dr. Marcus D. Cosby ,2025-07-28T08:24:10Z,https://www.youtube.com/watch?v=5VB4Fi7Q-nc
UC1A_SlTZKjsItketWCFX4Mw,WWtAEgbEypQ,I‚Äôm Coming In For A Landing | Pastor Matthew L. Watley,2025-07-20T20:02:57Z,https://www.youtube.com/watch?v=WWtAEgbEypQ
UC1A_SlTZKjsItketWCFX4Mw,SHk9vkq0DG8,The Miracle Mindset | Pastor Matthew L. Watley,2025-07-20T15:45:03Z,https://www.youtube.com/watch?v=SHk9vkq0DG8
UC1A_SlTZKjsItketWCFX4Mw,WE2SQL1J5v0,Wednesday Bible Study,2025-07-10T01:21:10Z,https://www.youtube.com/watch?v=WE2SQL1J5v0
UC1A_SlTZKjsItketWCFX4Mw,no2qd39wjGc,Wrestling with the Will of God | Dr. Marcus D. Cosby,2025-07-06T19:33:11Z,https://www.youtube.com/watch?v=no2qd39wjGc
UC1A_SlTZKjsItketWCFX4Mw,41WILQvSPqs,Wednesday Bible Study,2025-07-03T01:19:02Z,https://www.youtube.com/watch?v=41WILQvSPqs
UC1A_SlTZKjsItketWCFX4Mw,EiZJFB38veM,Giants Can Still Fall | Rev. Dr. Allison M. Henderson-Brooks,2025-06-29T15:40:09Z,https://www.youtube.com/watch?v=EiZJFB38veM
UC1A_SlTZKjsItketWCFX4Mw,HWQ8h9hAVko,Wednesday Bible Study,2025-06-26T01:09:24Z,https://www.youtube.com/watch?v=HWQ8h9hAVko
UC1A_SlTZKjsItketWCFX4Mw,eBPXYgxqQdc,"Let the Church Say, &#39;AMEN&#39; | Dr. Marcus D. Cosby",2025-06-22T19:02:12Z,https://www.youtube.com/watch?v=eBPXYgxqQdc
UC1A_SlTZKjsItketWCFX4Mw,AX7SQROT20g,Wednesday Bible Study,2025-06-19T13:19:20Z,https://www.youtube.com/watch?v=AX7SQROT20g
UCMw9myxVmrNkiQG3fGXECdA,5pPCif6aQmU,Harris Creek Sunday Morning,2025-10-06T05:46:16Z,https://www.youtube.com/watch?v=5pPCif6aQmU
UCMw9myxVmrNkiQG3fGXECdA,D8mvfDUGMqQ,Harris Creek Sunday Morning,2025-10-05T15:45:44Z,https://www.youtube.com/watch?v=D8mvfDUGMqQ
UCMw9myxVmrNkiQG3fGXECdA,iCIeHIMIarg,Faith in Christ Changes You | John Elmore | Harris Creek Sermons,2025-09-29T17:48:24Z,https://www.youtube.com/watch?v=iCIeHIMIarg
UCMw9myxVmrNkiQG3fGXECdA,SOIl8CAKDPA,Harris Creek Sunday Morning,2025-09-29T05:40:56Z,https://www.youtube.com/watch?v=SOIl8CAKDPA
UCMw9myxVmrNkiQG3fGXECdA,IwtbqUWe-_A,Get wisdom! #god #jesus #sermon #christian,2025-09-24T15:38:45Z,https://www.youtube.com/watch?v=IwtbqUWe-_A
UCMw9myxVmrNkiQG3fGXECdA,G4VOr3cG6KE,Putting an End to Pretending | Nate Hilgenkamp | Harris Creek Sermons,2025-09-22T17:11:41Z,https://www.youtube.com/watch?v=G4VOr3cG6KE
UCMw9myxVmrNkiQG3fGXECdA,gZ9jC45t5I4,Harris Creek Sunday Morning,2025-09-21T17:39:23Z,https://www.youtube.com/watch?v=gZ9jC45t5I4
UCMw9myxVmrNkiQG3fGXECdA,ghCT83q9TSQ,Harris Creek Sunday Morning,2025-09-14T20:52:30Z,https://www.youtube.com/watch?v=ghCT83q9TSQ
UCMw9myxVmrNkiQG3fGXECdA,V_uajNIPJ5Y,Harris Creek Sunday Morning,2025-09-14T15:50:27Z,https://www.youtube.com/watch?v=V_uajNIPJ5Y
UCMw9myxVmrNkiQG3fGXECdA,WYtwf8zC-9g,Harris Creek Sunday Morning,2025-09-08T08:58:23Z,https://www.youtube.com/watch?v=WYtwf8zC-9g
UCMw9myxVmrNkiQG3fGXECdA,EmAq2vCM4Is,Harris Creek Sunday Morning,2025-08-31T16:06:29Z,https://www.youtube.com/watch?v=EmAq2vCM4Is
UCMw9myxVmrNkiQG3fGXECdA,NpRfNIMj0mo,Clarifying The Gospel | Jonathan Pokluda | Harris Creek Sermons,2025-08-25T21:57:59Z,https://www.youtube.com/watch?v=NpRfNIMj0mo
UCMw9myxVmrNkiQG3fGXECdA,yZjgNWhzJSg,Harris Creek Sunday Morning,2025-08-25T05:52:39Z,https://www.youtube.com/watch?v=yZjgNWhzJSg
UCMw9myxVmrNkiQG3fGXECdA,3-otIlvJVxQ,Low man wins!!! #god #football #love,2025-08-13T22:58:25Z,https://www.youtube.com/watch?v=3-otIlvJVxQ
UCMw9myxVmrNkiQG3fGXECdA,G0RfCBrQa4s,Your fall doesn‚Äôt cancel Gods call! #god #love #jesus #hope,2025-08-05T02:52:18Z,https://www.youtube.com/watch?v=G0RfCBrQa4s
UCMw9myxVmrNkiQG3fGXECdA,b75vyEa4R78,Pride&#39;s Potential for Pain | Nate Hilgenkamp | Harris Creek Sermons,2025-08-04T20:49:36Z,https://www.youtube.com/watch?v=b75vyEa4R78
UCMw9myxVmrNkiQG3fGXECdA,fVr3ReCISD8,Harris Creek Sunday Morning,2025-08-03T17:14:02Z,https://www.youtube.com/watch?v=fVr3ReCISD8
UCMw9myxVmrNkiQG3fGXECdA,LmSndq-Yx1w,Don‚Äôt fall for the bait of an idol‚Ä¶ #god #jesus #inspiration #christianquotes,2025-07-28T23:30:31Z,https://www.youtube.com/watch?v=LmSndq-Yx1w
UCMw9myxVmrNkiQG3fGXECdA,Yf3y2fsaBk8,When Your Faith Is Under Fire | John Elmore | Harris Creek Sermons,2025-07-28T18:59:43Z,https://www.youtube.com/watch?v=Yf3y2fsaBk8
UCMw9myxVmrNkiQG3fGXECdA,lo7KcfRdce8,Harris Creek Sunday Morning,2025-07-28T05:44:59Z,https://www.youtube.com/watch?v=lo7KcfRdce8
UCMw9myxVmrNkiQG3fGXECdA,SCcMUBaF1Hg,Cash the check! #god #christianquotes #jesus #truth,2025-07-27T21:26:34Z,https://www.youtube.com/watch?v=SCcMUBaF1Hg
UCMw9myxVmrNkiQG3fGXECdA,Plab_0WCDHk,Harris Creek Sunday Morning,2025-07-20T15:45:20Z,https://www.youtube.com/watch?v=Plab_0WCDHk
UCMw9myxVmrNkiQG3fGXECdA,POu8tkJw8Sw,‚ÄúSo even in death He‚Äôs working together for our good.‚Äù #prayer #god #jesus #relationshipwithgod,2025-07-17T16:10:06Z,https://www.youtube.com/watch?v=POu8tkJw8Sw
UCMw9myxVmrNkiQG3fGXECdA,EZz3F9KkweE,‚ÄúHe‚Äôs worthy of your trust because He‚Äôs working all things together for your good.‚Äù #god #jesus,2025-07-15T02:52:33Z,https://www.youtube.com/watch?v=EZz3F9KkweE
UCMw9myxVmrNkiQG3fGXECdA,xKB7EumJUE4,‚ÄúHow much more should that be our desire in our relationship with Jesus?‚Äù #church #jesus #God,2025-07-10T21:33:10Z,https://www.youtube.com/watch?v=xKB7EumJUE4
UCMw9myxVmrNkiQG3fGXECdA,tRd3PesjKnY,"‚ÄúThe Gospel never has failed, and will never fail. And neither will those who share the gospel.‚Äù",2025-07-09T20:47:33Z,https://www.youtube.com/watch?v=tRd3PesjKnY
UCMw9myxVmrNkiQG3fGXECdA,2s0LRoyb3vQ,Let God put it back together üôèüèª,2025-07-09T16:53:46Z,https://www.youtube.com/watch?v=2s0LRoyb3vQ
UCMw9myxVmrNkiQG3fGXECdA,fbZjlFRv7hE,Harris Creek Sunday Morning,2025-07-07T05:51:08Z,https://www.youtube.com/watch?v=fbZjlFRv7hE
UCMw9myxVmrNkiQG3fGXECdA,A_WmF4QvaQc,Harris Creek Sunday Morning,2025-07-06T15:46:45Z,https://www.youtube.com/watch?v=A_WmF4QvaQc
UCMw9myxVmrNkiQG3fGXECdA,6VAJJ3bjULY,Harris Creek Sunday Morning,2025-06-30T06:14:10Z,https://www.youtube.com/watch?v=6VAJJ3bjULY
UClSSeOSc-asHZDT6AelN96A,mHo0PMcvSiI,Sunday Morning Worship 9:30 am,2025-10-06T03:32:01Z,https://www.youtube.com/watch?v=mHo0PMcvSiI
UClSSeOSc-asHZDT6AelN96A,j0XQsqbP4y0,Sunday Morning Worship 9:30 am,2025-09-29T03:23:34Z,https://www.youtube.com/watch?v=j0XQsqbP4y0
UClSSeOSc-asHZDT6AelN96A,8jDisA1lMmk,Sunday Morning Worship 9:30 am,2025-09-22T03:04:56Z,https://www.youtube.com/watch?v=8jDisA1lMmk
UClSSeOSc-asHZDT6AelN96A,FGkVRYP7tQU,Homegoing Celebration for Disciple Ruby Mack,2025-09-20T06:05:43Z,https://www.youtube.com/watch?v=FGkVRYP7tQU
UClSSeOSc-asHZDT6AelN96A,7UZX_4cD4e4,9/14/25 - From Watching to Worshipping,2025-09-15T03:29:23Z,https://www.youtube.com/watch?v=7UZX_4cD4e4
UClSSeOSc-asHZDT6AelN96A,t4_i8TUTvo8,9/7/25 - When You Don&#39;t Understand God,2025-09-08T03:55:22Z,https://www.youtube.com/watch?v=t4_i8TUTvo8
UClSSeOSc-asHZDT6AelN96A,KMnmJcjxLvQ,Sunday Morning Worship 9:30 am,2025-09-08T00:32:49Z,https://www.youtube.com/watch?v=KMnmJcjxLvQ
UClSSeOSc-asHZDT6AelN96A,ghX35-Leh9M,Sunday Morning Worship 9:30 am,2025-09-01T02:31:29Z,https://www.youtube.com/watch?v=ghX35-Leh9M
UClSSeOSc-asHZDT6AelN96A,E064Qjf9fYE,Sunday Morning Worship 9:30 am,2025-08-31T14:32:33Z,https://www.youtube.com/watch?v=E064Qjf9fYE
UClSSeOSc-asHZDT6AelN96A,b9mZHi5Kj4Q,Celebration of Life Nikki Yelverton,2025-08-27T06:27:57Z,https://www.youtube.com/watch?v=b9mZHi5Kj4Q
UClSSeOSc-asHZDT6AelN96A,O4wAxuFtnh4,Sunday Morning Worship 9:30 am,2025-08-25T03:04:50Z,https://www.youtube.com/watch?v=O4wAxuFtnh4
UClSSeOSc-asHZDT6AelN96A,4MBATSkFelM,Sunday Morning Worship 9:30 am,2025-08-18T04:09:14Z,https://www.youtube.com/watch?v=4MBATSkFelM
UClSSeOSc-asHZDT6AelN96A,-rqWtzAITPQ,Sunday Morning Worship 9:30 am,2025-08-11T03:10:07Z,https://www.youtube.com/watch?v=-rqWtzAITPQ
UClSSeOSc-asHZDT6AelN96A,12TdmNlb4W4,Sunday Morning Worship 9:30 am,2025-08-04T04:03:37Z,https://www.youtube.com/watch?v=12TdmNlb4W4
UClSSeOSc-asHZDT6AelN96A,E4uThpcxpgo,Sunday Morning Worship 9:30 am,2025-07-28T01:37:52Z,https://www.youtube.com/watch?v=E4uThpcxpgo
UClSSeOSc-asHZDT6AelN96A,C93Lv47GB88,Sunday Morning Worship 9:30 am,2025-07-27T15:11:34Z,https://www.youtube.com/watch?v=C93Lv47GB88
UClSSeOSc-asHZDT6AelN96A,pHL1RAj5gZk,Sunday Morning Worship 9:30 am,2025-07-21T03:04:56Z,https://www.youtube.com/watch?v=pHL1RAj5gZk
UClSSeOSc-asHZDT6AelN96A,sX-xfch37-Q,Sunday Morning Worship 9:30 am,2025-07-14T03:09:20Z,https://www.youtube.com/watch?v=sX-xfch37-Q
UClSSeOSc-asHZDT6AelN96A,2yFmzcMjMJM,Sunday Morning Worship 9:30 am,2025-07-07T03:22:25Z,https://www.youtube.com/watch?v=2yFmzcMjMJM
UClSSeOSc-asHZDT6AelN96A,5kqPZVp6QFs,Sunday Morning Worship 9:30 am,2025-06-30T03:08:16Z,https://www.youtube.com/watch?v=5kqPZVp6QFs
UClSSeOSc-asHZDT6AelN96A,5hiTORduuOY,It Takes Dollars and Sense,2025-06-23T03:18:09Z,https://www.youtube.com/watch?v=5hiTORduuOY
UClSSeOSc-asHZDT6AelN96A,DN1Lf0_N9Rg,The Power of Parenting,2025-06-16T03:18:02Z,https://www.youtube.com/watch?v=DN1Lf0_N9Rg
UClSSeOSc-asHZDT6AelN96A,o57tlfdgUrs,Be Led by the Spirit,2025-06-09T03:31:39Z,https://www.youtube.com/watch?v=o57tlfdgUrs
UClSSeOSc-asHZDT6AelN96A,DBSRngrqG-E,Dealing with Discouragement,2025-06-01T15:39:25Z,https://www.youtube.com/watch?v=DBSRngrqG-E
UClSSeOSc-asHZDT6AelN96A,M7HOQbDujcY,Taking Care of the Temple,2025-05-26T03:08:34Z,https://www.youtube.com/watch?v=M7HOQbDujcY
UClSSeOSc-asHZDT6AelN96A,4lDguyHlxRA,128th Church Anniversary - Guest Speaker Dr. Thomas Farrow,2025-05-19T03:44:55Z,https://www.youtube.com/watch?v=4lDguyHlxRA
UClSSeOSc-asHZDT6AelN96A,5lJKLxBMaGs,Spring Revival 2025 - Dr. Jerry Carter,2025-05-15T00:44:55Z,https://www.youtube.com/watch?v=5lJKLxBMaGs
UClSSeOSc-asHZDT6AelN96A,7lqXEM0A_KM,Spring Revival 2025 - Dr. Jerry Carter,2025-05-14T12:23:03Z,https://www.youtube.com/watch?v=7lqXEM0A_KM
UClSSeOSc-asHZDT6AelN96A,_KrfF-ngx9I,Living in the Peace of God,2025-05-12T03:05:20Z,https://www.youtube.com/watch?v=_KrfF-ngx9I
UClSSeOSc-asHZDT6AelN96A,VaFaYnIkwSg,Spiritual Foundations for Better Relationships,2025-05-04T15:36:40Z,https://www.youtube.com/watch?v=VaFaYnIkwSg
UCd67xY26_aBJNLwq_5tHhZA,IaZIELkut48,11:00 AM Worship Service,2025-10-06T07:31:24Z,https://www.youtube.com/watch?v=IaZIELkut48
UCd67xY26_aBJNLwq_5tHhZA,iTcwM8OanCw,9:30 AM Worship Service,2025-10-06T05:58:18Z,https://www.youtube.com/watch?v=iTcwM8OanCw
UCd67xY26_aBJNLwq_5tHhZA,EPkWmUYkCsQ,Life Groups Emphasis | Kids,2025-10-05T19:45:00Z,https://www.youtube.com/watch?v=EPkWmUYkCsQ
UCd67xY26_aBJNLwq_5tHhZA,4KiXUxTHfRs,8:00 AM Worship Service,2025-10-05T16:28:56Z,https://www.youtube.com/watch?v=4KiXUxTHfRs
UCd67xY26_aBJNLwq_5tHhZA,IK9T-J2FBQc,"Q&amp;A with Pastor Matthew Spradlin - September 28, 2025",2025-10-03T21:42:46Z,https://www.youtube.com/watch?v=IK9T-J2FBQc
UCd67xY26_aBJNLwq_5tHhZA,42vYY2YC-y8,National Sanctity of Human Life Day,2025-01-19T20:45:00Z,https://www.youtube.com/watch?v=42vYY2YC-y8
UCd67xY26_aBJNLwq_5tHhZA,lI81iiVpBtE,June 9 9:30 (2024),2024-06-09T17:54:34Z,https://www.youtube.com/watch?v=lI81iiVpBtE
UCd67xY26_aBJNLwq_5tHhZA,EYId-8vIPFc,"God&#39;s Holiness, God&#39;s Love",2024-03-27T17:51:15Z,https://www.youtube.com/watch?v=EYId-8vIPFc
UCd67xY26_aBJNLwq_5tHhZA,TYCnL7UEoos,"August 20, 11:00 AM (2023)",2023-08-21T07:34:08Z,https://www.youtube.com/watch?v=TYCnL7UEoos
UCd67xY26_aBJNLwq_5tHhZA,HkBRfSItMR8,Old Testament Survey: Episode 5 | TONIGHT!,2023-07-13T22:26:26Z,https://www.youtube.com/watch?v=HkBRfSItMR8
UCo3CFbm8LNGz2-e_gK8OEWA,VtD7c0NXxAw,"27th Sunday of Ordinary Time, 10/5/25, 11 am Mass",2025-10-06T04:30:36Z,https://www.youtube.com/watch?v=VtD7c0NXxAw
UCo3CFbm8LNGz2-e_gK8OEWA,mZINFOxiFyg,"Foundations of Faith: Behold The Lamb of God! (Sept. 27-28, 2025)",2025-09-29T13:00:06Z,https://www.youtube.com/watch?v=mZINFOxiFyg
UCo3CFbm8LNGz2-e_gK8OEWA,Kjtrv8uWRnY,"26th Sunday of Ordinary Time, 9/28/25, 11 am Mass",2025-09-29T04:11:29Z,https://www.youtube.com/watch?v=Kjtrv8uWRnY
UCo3CFbm8LNGz2-e_gK8OEWA,FTPkqbxff9E,"Foundations of Faith: Agnus Dei (September 20-21, 2025)",2025-09-22T18:33:50Z,https://www.youtube.com/watch?v=FTPkqbxff9E
UCo3CFbm8LNGz2-e_gK8OEWA,AojBwVYfDx4,"Feast of St. Matthew &amp; 25th Sunday of Ordinary Time, 9/21/25, 11 am Mass",2025-09-22T04:18:32Z,https://www.youtube.com/watch?v=AojBwVYfDx4
UCo3CFbm8LNGz2-e_gK8OEWA,suO9ALGvBp4,"22nd Friday of Ordinary Time Mass &amp; First Friday Holy Hour, 9/5/25",2025-09-06T02:32:01Z,https://www.youtube.com/watch?v=suO9ALGvBp4
UCo3CFbm8LNGz2-e_gK8OEWA,aVJrPkKH0ro,"21st Sunday of Ordinary Time,  11 am Mass, 8/24/25",2025-08-25T04:24:36Z,https://www.youtube.com/watch?v=aVJrPkKH0ro
UCo3CFbm8LNGz2-e_gK8OEWA,XL2ULeL3ufU,"Memorial of the Queenship of the Blessed Virgin Mary (8/22/25, Morning Mass)",2025-08-23T01:22:28Z,https://www.youtube.com/watch?v=XL2ULeL3ufU
UCo3CFbm8LNGz2-e_gK8OEWA,acbD6XOPlw4,"19th Tuesday of Ordinary Time, Morning Mass, 8/12/25",2025-08-13T01:13:49Z,https://www.youtube.com/watch?v=acbD6XOPlw4
UCo3CFbm8LNGz2-e_gK8OEWA,mRB5mqpseR4,"19th Sunday of Ordinary Time,  11 am Mass, 8/10/25",2025-08-11T04:35:17Z,https://www.youtube.com/watch?v=mRB5mqpseR4
UCo3CFbm8LNGz2-e_gK8OEWA,Uz8ZYZIj2yM,"Memorial of St. Dominic, 8/8/25, Morning Mass",2025-08-09T01:00:36Z,https://www.youtube.com/watch?v=Uz8ZYZIj2yM
UCo3CFbm8LNGz2-e_gK8OEWA,Pt6edkdimKA,"18th Tuesday of Ordinary Time, Morning Mass, 8/5/25",2025-08-06T01:14:57Z,https://www.youtube.com/watch?v=Pt6edkdimKA
UCo3CFbm8LNGz2-e_gK8OEWA,vTGQrGFdDbs,"Memorial of Sts. Martha, Mary, and Lazarus, Morning Mass, 7/29/25",2025-07-30T01:10:55Z,https://www.youtube.com/watch?v=vTGQrGFdDbs
UCo3CFbm8LNGz2-e_gK8OEWA,XA9XIHQgpbY,"Feast of St. Mary Magdalene,  8:30 am Mass, 7/22/25",2025-07-23T01:23:25Z,https://www.youtube.com/watch?v=XA9XIHQgpbY
UCo3CFbm8LNGz2-e_gK8OEWA,PUKI5AzibjI,"16th Sunday of Ordinary Time,  11 am Mass, 7/20/25",2025-07-21T04:27:13Z,https://www.youtube.com/watch?v=PUKI5AzibjI
UCo3CFbm8LNGz2-e_gK8OEWA,7b_YWmoKa8g,A Look Back 2025 VBS,2025-07-19T19:52:04Z,https://www.youtube.com/watch?v=7b_YWmoKa8g
UCo3CFbm8LNGz2-e_gK8OEWA,SaPa2pq55rA,"Foundations of Faith: Eucharistic Prayer 1, Highlights (June 21-22, 2025)",2025-07-12T15:15:31Z,https://www.youtube.com/watch?v=SaPa2pq55rA
UCo3CFbm8LNGz2-e_gK8OEWA,LCLUj63yiqE,Camp Covecrest-A Look Back (2023 &amp; 2024),2025-07-11T22:30:44Z,https://www.youtube.com/watch?v=LCLUj63yiqE
UCo3CFbm8LNGz2-e_gK8OEWA,xyN1YbWp1PQ,"14th Tuesday of Ordinary Time, Morning Mass, 7/8/25",2025-07-09T01:10:58Z,https://www.youtube.com/watch?v=xyN1YbWp1PQ
UCo3CFbm8LNGz2-e_gK8OEWA,IF-N0v6_suI,"The Solemnity of Sts. Peter &amp; Paul, Apostles,  11 am Mass, 6/29/25",2025-06-30T04:24:58Z,https://www.youtube.com/watch?v=IF-N0v6_suI
UCo3CFbm8LNGz2-e_gK8OEWA,WOkSf17j19g,"11th Friday of Ordinary Time, Morning Mass, 6/20/25",2025-06-21T01:18:54Z,https://www.youtube.com/watch?v=WOkSf17j19g
UCo3CFbm8LNGz2-e_gK8OEWA,cJt5hkD6f-U,"10th Tuesday of Ordinary Time, Morning Mass, 6/10/25",2025-06-11T01:14:12Z,https://www.youtube.com/watch?v=cJt5hkD6f-U
UCo3CFbm8LNGz2-e_gK8OEWA,bWJvkyOxIpc,"Friday of the Seventh Week of Easter &amp; First Friday, Morning Mass, 6/6/25",2025-06-07T02:11:51Z,https://www.youtube.com/watch?v=bWJvkyOxIpc
UCo3CFbm8LNGz2-e_gK8OEWA,gL2KZyygiNA,Foundations of Faith: Parishioners Attend Pope Leo&#39;s Election (May 30-June 1),2025-06-03T20:03:28Z,https://www.youtube.com/watch?v=gL2KZyygiNA
UCo3CFbm8LNGz2-e_gK8OEWA,Y6kqHrOcxqA,"Ascension of the Lord,  11 am Mass, 6/1/25",2025-06-02T04:38:47Z,https://www.youtube.com/watch?v=Y6kqHrOcxqA
UCo3CFbm8LNGz2-e_gK8OEWA,XpKFqjkSbhw,"Fifth Tuesday of Easter, Morning Mass, 5/20/25",2025-05-21T01:12:50Z,https://www.youtube.com/watch?v=XpKFqjkSbhw
UCo3CFbm8LNGz2-e_gK8OEWA,ZJ35v6K9LFM,"Foundations of Faith: Eucharistic Prayer II, Part I (May 17-18, 2025)",2025-05-19T13:00:06Z,https://www.youtube.com/watch?v=ZJ35v6K9LFM
UCo3CFbm8LNGz2-e_gK8OEWA,Ne3R6NdZWXA,Funeral Mass of  Jeanne A. Cole (5/15/25),2025-05-16T04:09:54Z,https://www.youtube.com/watch?v=Ne3R6NdZWXA
UCo3CFbm8LNGz2-e_gK8OEWA,FM9OPBKJDhA,"Memorial of Our Lady of Fatima &amp; Tuesday in the Fourth Week of Easter, Morning Mass, 5/13/25",2025-05-14T01:15:26Z,https://www.youtube.com/watch?v=FM9OPBKJDhA
UCo3CFbm8LNGz2-e_gK8OEWA,l377BVzZXe0,"Friday in the Third of Easter, Morning Mass, 5/9/25",2025-05-10T01:18:28Z,https://www.youtube.com/watch?v=l377BVzZXe0
UCinC-xGhsCRGC5uB83l6AVQ,iKTwB5NzSj0,"27TH SUNDAY IN ORDINARY TIME, YEAR C",2025-10-05T21:06:00Z,https://www.youtube.com/watch?v=iKTwB5NzSj0
UCinC-xGhsCRGC5uB83l6AVQ,YwITcZHEUZw,"26TH SUNDAY IN  ORDINARY TIME, YEAR C",2025-09-28T21:13:06Z,https://www.youtube.com/watch?v=YwITcZHEUZw
UCinC-xGhsCRGC5uB83l6AVQ,hjLkS2CoPpA,25TH SUNDAY IN ORDINARY TIME YEAR C,2025-09-21T21:23:30Z,https://www.youtube.com/watch?v=hjLkS2CoPpA
UCinC-xGhsCRGC5uB83l6AVQ,s6lHY3BNfUo,FEAST OF THE EXALTATION OF THE CROSS,2025-09-14T20:51:03Z,https://www.youtube.com/watch?v=s6lHY3BNfUo
UCinC-xGhsCRGC5uB83l6AVQ,cFXE97FBaxI,LITURGY OF SONGS/REQUIEM MASS FOR LATE DR. MRS. NGOBA S. BESTMAN (Nee Ikpo Douglas) (1950-2025),2025-09-12T00:34:26Z,https://www.youtube.com/watch?v=cFXE97FBaxI
UCinC-xGhsCRGC5uB83l6AVQ,4Merc0MMVLk,"23RD SUNDAY IN ORDINARY TIME, YEAR C",2025-09-07T23:11:19Z,https://www.youtube.com/watch?v=4Merc0MMVLk
UCinC-xGhsCRGC5uB83l6AVQ,lpUwH5hAWt8,1ST FRIDAY ADORATION,2025-09-06T07:56:47Z,https://www.youtube.com/watch?v=lpUwH5hAWt8
UCinC-xGhsCRGC5uB83l6AVQ,1l79EGu5JfM,"TWENTY-SECOND  SUNDAY IN ORDINARY TIME, YEAR C",2025-08-31T21:03:25Z,https://www.youtube.com/watch?v=1l79EGu5JfM
UCinC-xGhsCRGC5uB83l6AVQ,VUM8ILbA-O8,"21ST SUNDAY IN ORDINARY TIME, YEAR C",2025-08-24T23:08:38Z,https://www.youtube.com/watch?v=VUM8ILbA-O8
UCinC-xGhsCRGC5uB83l6AVQ,VJKk1uF2FuI,"20TH SUNDAY IN ORDINARY TIME, YEAR C",2025-08-17T21:50:40Z,https://www.youtube.com/watch?v=VJKk1uF2FuI
UCinC-xGhsCRGC5uB83l6AVQ,zf_-zYKzAu4,LITURGY OF L SONGS//REQUIEM MASS FOR LATE MR. RAPHAE NWANONYE ENWELUZO,2025-08-15T07:05:40Z,https://www.youtube.com/watch?v=zf_-zYKzAu4
UCinC-xGhsCRGC5uB83l6AVQ,qn_gBomml2c,"19TH SUNDAY IN  ORDINARY TIME, YEAR C",2025-08-10T07:14:04Z,https://www.youtube.com/watch?v=qn_gBomml2c
UCinC-xGhsCRGC5uB83l6AVQ,Ml2fNxXi2qE,"18TH SUNDAY IN ORDINARY TIME, YEAR C",2025-08-03T20:58:37Z,https://www.youtube.com/watch?v=Ml2fNxXi2qE
UCinC-xGhsCRGC5uB83l6AVQ,S8X855vwTCg,1ST SATURDAY OF AUGUST \\ FAMILY MASS,2025-08-02T20:43:20Z,https://www.youtube.com/watch?v=S8X855vwTCg
UCinC-xGhsCRGC5uB83l6AVQ,-Kd6VdMeDpo,"17TH SUNDAY IN ORDINARY TIME,YEAR C",2025-07-27T21:36:00Z,https://www.youtube.com/watch?v=-Kd6VdMeDpo
UCinC-xGhsCRGC5uB83l6AVQ,gkOH_uA2Gvk,"16TH SUNDAY IN ORDINARY TIME, YEAR C",2025-07-20T21:09:27Z,https://www.youtube.com/watch?v=gkOH_uA2Gvk
UCinC-xGhsCRGC5uB83l6AVQ,QnKnrCOndog,"15TH SUNDAY IN ORDINARY TIME, YEAR C",2025-07-13T21:07:07Z,https://www.youtube.com/watch?v=QnKnrCOndog
UCinC-xGhsCRGC5uB83l6AVQ,kbVN6Z_ajiI,"14TH SUNDSAY IN ORDINARY TIME, YEAR C",2025-07-06T21:21:39Z,https://www.youtube.com/watch?v=kbVN6Z_ajiI
UCinC-xGhsCRGC5uB83l6AVQ,0mFZMM9H38c,1ST SATURDAY OF JULY//FAMILY MASS,2025-07-05T20:38:52Z,https://www.youtube.com/watch?v=0mFZMM9H38c
UCinC-xGhsCRGC5uB83l6AVQ,GYycA3DV8pA,SS. PETER AND PAUL  (SOLEMNITY) YEAR (C)  2025,2025-06-29T21:14:00Z,https://www.youtube.com/watch?v=GYycA3DV8pA
UCinC-xGhsCRGC5uB83l6AVQ,DQ94sHTeWsc,MOST HOLY BODY AND BLOOD OF CHRIST (CORPUS CHRISTI) YEAR (C),2025-06-22T21:03:02Z,https://www.youtube.com/watch?v=DQ94sHTeWsc
UCinC-xGhsCRGC5uB83l6AVQ,Ys1b-6rOAzk,SOLEMNITY OF THE MOST HOLY TRINITY (C),2025-06-15T21:03:02Z,https://www.youtube.com/watch?v=Ys1b-6rOAzk
UCinC-xGhsCRGC5uB83l6AVQ,9NJDZbEsFqA,PENTECOST SUNDAY (SOLEMNITY),2025-06-08T21:26:32Z,https://www.youtube.com/watch?v=9NJDZbEsFqA
UCinC-xGhsCRGC5uB83l6AVQ,RLWZw006OQA,1ST SATURDAY OF JUNE/FAMILY MASS,2025-06-07T20:37:55Z,https://www.youtube.com/watch?v=RLWZw006OQA
UCinC-xGhsCRGC5uB83l6AVQ,NIWwI8Oi8fU,2025 PENTECOST NOVENA DAY 9 // RUMUKURUSHI DENARY GRAND FINALE,2025-06-07T13:12:52Z,https://www.youtube.com/watch?v=NIWwI8Oi8fU
UCinC-xGhsCRGC5uB83l6AVQ,K6n79CsmIvM,"7TH SUNDAY OF EASTER, YEAR C",2025-06-01T21:04:07Z,https://www.youtube.com/watch?v=K6n79CsmIvM
UCinC-xGhsCRGC5uB83l6AVQ,6aFyAfsNqGc,"6TH SUNDAY OF EASTER, YEAR C",2025-05-25T21:13:23Z,https://www.youtube.com/watch?v=6aFyAfsNqGc
UCinC-xGhsCRGC5uB83l6AVQ,3_15ZBFgIIM,"5TH SUNDAY OF EASTER, YEAR C",2025-05-18T20:48:42Z,https://www.youtube.com/watch?v=3_15ZBFgIIM
UCinC-xGhsCRGC5uB83l6AVQ,5X0Zw7-0jKY,4TH SUNDAY OF EASTER YEAR C (GOOD SHEPHERD SUNDAY),2025-05-11T20:51:45Z,https://www.youtube.com/watch?v=5X0Zw7-0jKY
UCinC-xGhsCRGC5uB83l6AVQ,5EhVxEYSXkg,"3RD SUNDAY OF EASTER, YEAR C",2025-05-04T20:03:34Z,https://www.youtube.com/watch?v=5EhVxEYSXkg
UChGkX_7es25DpQRLGKRbgVg,elcJhfSKBWQ,‚ÄîBe An Agent Of Mercy‚Äî,2025-10-06T12:45:46Z,https://www.youtube.com/watch?v=elcJhfSKBWQ
UChGkX_7es25DpQRLGKRbgVg,-cwTDAe9obY,Monday of the Twenty-seventh Week in Ordinary Time,2025-10-06T12:40:36Z,https://www.youtube.com/watch?v=-cwTDAe9obY
UChGkX_7es25DpQRLGKRbgVg,bPX8WuI4x5Y,Twenty-seventh Sunday in Ordinary Time,2025-10-05T14:13:19Z,https://www.youtube.com/watch?v=bPX8WuI4x5Y
UChGkX_7es25DpQRLGKRbgVg,14Kqi1HVvGE,From Hypocrisy to Cowardice... Lord Increase Our Faith.,2025-10-05T13:58:08Z,https://www.youtube.com/watch?v=14Kqi1HVvGE
UChGkX_7es25DpQRLGKRbgVg,yRxCnxlqSY0,Memorial of Saint Francis of Assisi,2025-10-04T13:12:53Z,https://www.youtube.com/watch?v=yRxCnxlqSY0
UChGkX_7es25DpQRLGKRbgVg,PrguVVYPcFc,"When God corrects us, he does so as a loving father.",2025-10-04T12:57:36Z,https://www.youtube.com/watch?v=PrguVVYPcFc
UChGkX_7es25DpQRLGKRbgVg,1D-9pN6ZGzk,‚ÄîHave A Heart To Serve And Grace To Listen‚Äî,2025-10-03T12:55:04Z,https://www.youtube.com/watch?v=1D-9pN6ZGzk
UChGkX_7es25DpQRLGKRbgVg,yjdDJ4KSyC8,Friday of the Twenty-sixth Week in Ordinary Time,2025-10-03T12:40:01Z,https://www.youtube.com/watch?v=yjdDJ4KSyC8
UChGkX_7es25DpQRLGKRbgVg,MSUtLy1XEvQ,Invite The Holy Spirit Into Every Aspect Of Your Life,2025-10-02T12:36:48Z,https://www.youtube.com/watch?v=MSUtLy1XEvQ
UC6WyDiBpPkffwVwz1xOkgaQ,3P77MiGg7Z8,"27th Sunday in Ordinary Time | October 5, 2025",2025-10-06T05:11:53Z,https://www.youtube.com/watch?v=3P77MiGg7Z8
UC6WyDiBpPkffwVwz1xOkgaQ,qAQzd69tRkI,"Second Sunday of Lent | March 16, 2025",2025-03-17T05:17:49Z,https://www.youtube.com/watch?v=qAQzd69tRkI
UC6WyDiBpPkffwVwz1xOkgaQ,NFcaV6YujdQ,"The Holy Family of Jesus, Mary and Joseph | December 29, 2024",2024-12-30T06:15:47Z,https://www.youtube.com/watch?v=NFcaV6YujdQ
UC6WyDiBpPkffwVwz1xOkgaQ,4KUVtunIwao,"Simbang Gabi Day 2 | December 16, 2024",2024-12-17T03:05:29Z,https://www.youtube.com/watch?v=4KUVtunIwao
UC6WyDiBpPkffwVwz1xOkgaQ,pUfpM4ub_d8,Second Sunday Easter,2024-04-07T17:28:35Z,https://www.youtube.com/watch?v=pUfpM4ub_d8
UC6WyDiBpPkffwVwz1xOkgaQ,vJXmWryHWLE,Third Sunday in Ordinary Time,2024-01-21T18:08:36Z,https://www.youtube.com/watch?v=vJXmWryHWLE
UC6WyDiBpPkffwVwz1xOkgaQ,WzjLqT4gU0M,Simbang Gabi 2023: Novena Day 9,2023-12-24T03:24:31Z,https://www.youtube.com/watch?v=WzjLqT4gU0M
UC6WyDiBpPkffwVwz1xOkgaQ,cGHZAVX1V5U,Misunderstanding Suffering,2023-11-09T18:53:25Z,https://www.youtube.com/watch?v=cGHZAVX1V5U
UC6WyDiBpPkffwVwz1xOkgaQ,OEvZXPUr3RI,"19th Sunday in Ordinary Time | August 13th, 2023",2023-08-14T05:13:23Z,https://www.youtube.com/watch?v=OEvZXPUr3RI
UC6WyDiBpPkffwVwz1xOkgaQ,aCcWKM0u0wE,"3rd Sunday in Ordinary Time | January 22nd, 2023",2023-01-22T18:14:54Z,https://www.youtube.com/watch?v=aCcWKM0u0wE
UC6WyDiBpPkffwVwz1xOkgaQ,TQW7hjN5Sdo,&quot;The Ongoing Coming of Christ&quot; | Father Rafael Partida,2022-12-17T01:00:11Z,https://www.youtube.com/watch?v=TQW7hjN5Sdo
UC6WyDiBpPkffwVwz1xOkgaQ,Lchs6dolB-Q,"27th Sunday in Ordinary Time | October 2nd, 2022",2022-10-02T17:16:52Z,https://www.youtube.com/watch?v=Lchs6dolB-Q
UC6WyDiBpPkffwVwz1xOkgaQ,9KoU3tZlKeE,"LISTEN | Fr. Michael Fredericks - July 17th, 2022",2022-07-17T17:00:04Z,https://www.youtube.com/watch?v=9KoU3tZlKeE
UC6WyDiBpPkffwVwz1xOkgaQ,JzghImca3ic,"Feast of the Visitation of the Blessed Virgin Mary | May 31st, 2022",2022-05-31T15:00:13Z,https://www.youtube.com/watch?v=JzghImca3ic
UC6WyDiBpPkffwVwz1xOkgaQ,8nl4UlpOTzI,"5th Sunday of Easter | May 15th, 2022",2022-05-15T17:10:28Z,https://www.youtube.com/watch?v=8nl4UlpOTzI
UC6WyDiBpPkffwVwz1xOkgaQ,By3QIEO645s,"Fr. Michael Fredericks - May 9th, 2022",2022-05-09T15:30:02Z,https://www.youtube.com/watch?v=By3QIEO645s
UC6WyDiBpPkffwVwz1xOkgaQ,VqkNEVTaX80,"ALLOW GOD TO BE GOD | Fr. Michael Fredericks - January 30th, 2022",2022-01-30T19:11:19Z,https://www.youtube.com/watch?v=VqkNEVTaX80
UC6WyDiBpPkffwVwz1xOkgaQ,XRbSoQP90Xw,Simbang Gabi 2021:  Novena Day 7,2021-12-21T14:35:32Z,https://www.youtube.com/watch?v=XRbSoQP90Xw
UC6WyDiBpPkffwVwz1xOkgaQ,hgSo565dot4,"Memorial of St. Bishop Martin of Tours | November 11th, 2021",2021-11-11T16:00:13Z,https://www.youtube.com/watch?v=hgSo565dot4
UC6WyDiBpPkffwVwz1xOkgaQ,Miu0tzsEfp8,"Feast of St. Mary Magdalene | July 22nd, 2021",2021-07-22T15:00:13Z,https://www.youtube.com/watch?v=Miu0tzsEfp8
UC6WyDiBpPkffwVwz1xOkgaQ,UgtTykHMFac,"2nd Thursday of Easter | April 15th, 2021",2021-04-15T15:00:13Z,https://www.youtube.com/watch?v=UgtTykHMFac
UC6WyDiBpPkffwVwz1xOkgaQ,80Ldx8LZKI4,"2nd Day of Simbang Gabi | December 16th, 2020",2020-12-17T03:52:37Z,https://www.youtube.com/watch?v=80Ldx8LZKI4
UC3B6ihEAmqWIsQXE5tVob_w,AT4boDMpRX8,St Teresa&#39;s Catholic Church- Albany GA is live!,2025-09-15T03:02:36Z,https://www.youtube.com/watch?v=AT4boDMpRX8
UC3B6ihEAmqWIsQXE5tVob_w,lPjoeKp7NO8,St Teresa&#39;s Catholic Church- Albany GA is live!,2025-09-14T14:00:53Z,https://www.youtube.com/watch?v=lPjoeKp7NO8
UC3B6ihEAmqWIsQXE5tVob_w,Vqy0Wp0y27A,Catholic Bible Study: Commonly Misunderstood Catholic Beliefs. Session 7. the church,2025-02-07T03:50:03Z,https://www.youtube.com/watch?v=Vqy0Wp0y27A
UC3B6ihEAmqWIsQXE5tVob_w,EYbQ3Gjwqko,Catholic Bible Study: Commonly Misunderstood Catholic Beliefs. Session 6  Salvation.,2025-01-23T00:37:24Z,https://www.youtube.com/watch?v=EYbQ3Gjwqko
UC3B6ihEAmqWIsQXE5tVob_w,Xmc3YFrwEs8,Catholic Bible Study: Commonly Misunderstood Catholic Beliefs. Session 5. Church Authority.,2025-01-16T01:59:50Z,https://www.youtube.com/watch?v=Xmc3YFrwEs8
UC3B6ihEAmqWIsQXE5tVob_w,w0A0DYatQa0,Catholic Bible Study: Commonly Misunderstood Catholic Beliefs - Session 4. Sacraments,2025-01-09T23:18:02Z,https://www.youtube.com/watch?v=w0A0DYatQa0
UC3B6ihEAmqWIsQXE5tVob_w,gcHSJUknltE,Catholic Bible Study: Commonly Misunderstood Catholic Beliefs - Session 3. Mary.,2024-12-29T03:58:42Z,https://www.youtube.com/watch?v=gcHSJUknltE
UC3B6ihEAmqWIsQXE5tVob_w,v3jOeyrBpus,Catholic Bible Study: Commonly Misunderstood Catholic Beliefs - Session 2. Mary.¬† .,2024-12-17T03:59:01Z,https://www.youtube.com/watch?v=v3jOeyrBpus
UC3B6ihEAmqWIsQXE5tVob_w,ZQ0XGe7i_ec,Catholic Bible Study: Commonly Misunderstood Catholic Belief- Session 1. Praying to Saints,2024-11-29T00:48:21Z,https://www.youtube.com/watch?v=ZQ0XGe7i_ec
UC3B6ihEAmqWIsQXE5tVob_w,7B5b0ZPUGgE,Catholic Bible Study: Book of Daniel - Session 6,2024-11-11T22:58:52Z,https://www.youtube.com/watch?v=7B5b0ZPUGgE
UC3B6ihEAmqWIsQXE5tVob_w,HUtbR7D4jbU,Catholic Bible Study: Book of Daniel - Session 5,2024-11-03T01:28:16Z,https://www.youtube.com/watch?v=HUtbR7D4jbU
UC3B6ihEAmqWIsQXE5tVob_w,WzPMXwwk1xc,Catholic Bible Study: Book of Daniel - Session 4,2024-10-22T23:21:40Z,https://www.youtube.com/watch?v=WzPMXwwk1xc
UC3B6ihEAmqWIsQXE5tVob_w,O-3PEc9p00I,Catholic Bible Study: The Book of Daniel  Session- 3,2024-10-19T02:48:39Z,https://www.youtube.com/watch?v=O-3PEc9p00I
UC3B6ihEAmqWIsQXE5tVob_w,xfJP4pI65Hc,Catholic Bible Study: The Book of Daniel- Session 2,2024-10-17T11:59:38Z,https://www.youtube.com/watch?v=xfJP4pI65Hc
UC3B6ihEAmqWIsQXE5tVob_w,joL8hSdwG2M,Catholic Bible Study: Book of Daniel- Session 1,2024-09-29T04:06:30Z,https://www.youtube.com/watch?v=joL8hSdwG2M
UC3B6ihEAmqWIsQXE5tVob_w,O551ewdrlkE,Catholic Bible Study: Book of Danie- Introduction,2024-09-29T04:01:26Z,https://www.youtube.com/watch?v=O551ewdrlkE
UC3B6ihEAmqWIsQXE5tVob_w,8u1kNznZdwc,Catholic Bible Study: Letter of Paul to the Colossians - Session 4,2024-05-17T02:45:32Z,https://www.youtube.com/watch?v=8u1kNznZdwc
UC3B6ihEAmqWIsQXE5tVob_w,aVPFzsZ09Xs,Catholic Bible Study: Letter of Paul to the Colossians - Session 3,2024-05-09T03:08:48Z,https://www.youtube.com/watch?v=aVPFzsZ09Xs
UC3B6ihEAmqWIsQXE5tVob_w,zX2aa2iWN1U,Catholic Bible Study: Letter of Paul to the Colossians - Session 2,2024-05-05T03:08:58Z,https://www.youtube.com/watch?v=zX2aa2iWN1U
UC3B6ihEAmqWIsQXE5tVob_w,xs1x3S7d-eU,Catholic Bible Study: Letter of Paul to the Colossians - Session 1,2024-04-22T04:21:19Z,https://www.youtube.com/watch?v=xs1x3S7d-eU
UC3B6ihEAmqWIsQXE5tVob_w,pq1ftSZw_Mc,Catholic Bible Study: Letter of Paul to the Colossians - Introduction,2024-04-19T01:20:36Z,https://www.youtube.com/watch?v=pq1ftSZw_Mc
UC3B6ihEAmqWIsQXE5tVob_w,WmFFdcil_go,Catholic Bible Study: Letter of Paul to the Philippians - Session 3,2024-03-26T21:58:49Z,https://www.youtube.com/watch?v=WmFFdcil_go
UC3B6ihEAmqWIsQXE5tVob_w,Wz1Dtu-js04,Catholic bible Study Letter of Paul to the Philippians  Session 2,2024-03-11T02:24:56Z,https://www.youtube.com/watch?v=Wz1Dtu-js04
UC3B6ihEAmqWIsQXE5tVob_w,WPJNZPr77O8,Letter of Paul to the Philippians  Session 1,2024-03-06T02:18:06Z,https://www.youtube.com/watch?v=WPJNZPr77O8
UC3B6ihEAmqWIsQXE5tVob_w,FJYAZtIYELA,Catholic Bible Study: Letter of Paul to the Philippians- Introduction,2024-02-28T12:08:40Z,https://www.youtube.com/watch?v=FJYAZtIYELA
UC3B6ihEAmqWIsQXE5tVob_w,Icx_778_ucY,Letter of Paul to the Romans   Session 7,2024-01-29T04:00:07Z,https://www.youtube.com/watch?v=Icx_778_ucY
UC3B6ihEAmqWIsQXE5tVob_w,gEHv1-xV4RI,Letter of Paul to the Romans   Session 6,2024-01-28T01:29:17Z,https://www.youtube.com/watch?v=gEHv1-xV4RI
UC3B6ihEAmqWIsQXE5tVob_w,hteW6i3f3vs,Letter of Paul to the Romans   Session 5,2024-01-18T13:08:31Z,https://www.youtube.com/watch?v=hteW6i3f3vs
UC3B6ihEAmqWIsQXE5tVob_w,E3KE55OC3io,Letter of Paul to the Romans   Session 4,2024-01-13T03:09:44Z,https://www.youtube.com/watch?v=E3KE55OC3io
UC3B6ihEAmqWIsQXE5tVob_w,kBX16mRD0Ec,Catholic Bible Study: ST Paul First &amp; Second Thessalonians - Session 4,2024-01-01T14:17:10Z,https://www.youtube.com/watch?v=kBX16mRD0Ec
